symbol	name	mf	kind	oneLetter	alternativeOneLetter	oclID	oclCoordinates
Abu	2-Aminobutyric acid diradical	C4H7NO				dazHPBPOEgEInVZjcH@	%21Bb@I%7E@Ha%7D_c%7EH@m%5D%7DbGt
Acet	Acetyl	C2H3O				gCaHDEeIi%60@	%21BbOq%7E@Ha%7D
Acm	Acetamidomethyl	C3H6NO				gGYHDPliJuS@@	%21BbOrH_Xc%7C_%60BH_P
Adao	Adamantyloxy	C10H15O				dc%5CH%60HAYRVeV%5EdUGZjjjj@@	%21B%5DBOXN%60EP%7DCdB%5CtbZ@Ijh%7EhRELdOBBp
Aib	alpha-Aminoisobutyric acid diradical	C4H7NO				dazHPBPOGgEInfZj@@	%21Bb@I%7E@Ha%7Db@K%7CuwwWbGt
Ala	Alanine diradical	C3H5NO	aa	A	α	gNyDBaxmqR%5BfZjZ@	%21Bb@I%7E@Hb%7Db@I%7EOxa%7D
Arg	Arginine diradical	C6H12N4O	aa	R	ρ	dkLhPBgSPOEgEInWUijjihr@@	%21Bb@I%7E@Ha%7D_c%7EH@m%5D%7DbGvH%7FHa%7Db@I%7E@Ha%7D
Argp	Arginine triradical	C6H11N4O				dglhpHpil@gWD%7FEI%5BUYZfjji%60T@	%21BbGvH%7FGx@bGvH@ha%7DbOrH_Wx%7Fb@KW_Wx@bGt
Asn	Asparagine diradical	C4H6N2O2	aa	N	η	deeDPBeACqYqR%5BezZjZL%60@	%21BbGu%7EOx%60B_%60BH_X%60Bb@I%7E@Ha%7D
Asnp	Asparagine triradical	C4H5N2O2				dmUDpH%5BE@IEqgqRVvVijjXi@@	%21Bb@JH_Wx%7Fb@JH_Wx%7Fb@KW_Wx@bGt
Asp	Aspartic acid diradical	C4H5NO3	aa	D	δ	defLPBPYCqYqR%5BezZjZL%60@	%21BbGu%7EOx%60B_%60BH_X%60Bb@I%7E@Ha%7D
Aspp	Aspartic acid triradical	C4H4NO3				dmVLpFcE@IEqgqRVvVijjXi@@	%21Bb@JH_Wx%7Fb@JH_Wx%7Fb@KW_Wx@bGt
Asu	alpha-Aminosuberic acid diradical	C8H13NO3				dgnLPBP%7BCqYqR%5BeuVfjjihr@@	%21BbGu%7EOx%60B_%60BH_Xc%7CbOrH_X%60BbGvH%7FGx@bGt
Asup	alpha-Aminosuberic acid triradical	C8H12NO3				do%5ELpEcG@IMqoqRVuUejZjjibT@	%21BbOrH_Wx%7Fb@JH_Xc%7CbGvH%7FHa%7D_c%7EH@m%5D%7D_%60BH_P
Boc	t-Butoxycarbonyl	C5H9O2				daxD%60DpEeImjZj@@	%21B%7COu%7E_%7FA%7C%7COw%7Dm%7FC%7D_O@
Bom	Benzyloxymethyl	C8H9O				deTH%60DAYRUYTYj%60@@@	%21B%7CGsp__A%7C%7COwp_Gy%7F%7CGwp_Wy%7F
Brz	2-Bromobenzyloxycarbonyl	C8H6BrO2				dcLDPDpEd%5CQImYgWYjB@@@	%21Bb@I%7E@Hb%7Db@JH_X%60B_c%7D%7E@Hb%7DbGu%7EOp
Bu	Butyl	C4H9				gJPH@liJuP@	%21B@Fp@XpAl@FL
Bum	t-Butoxymethyl	C5H11O				gNqHDEeIVjj%60@	%21B@FL@%5B@AcXs%7C@Xvp@
Bz	Benzoyl	C7H5O				didH%60DAYR%5Be%5EFX@@@@	%21BbOq%7E@Ha%7Db@I%7EOxa%7DbGu%7EOp
Bzl	Benzyl	C7H7				daD@%60@VTeeVz%60@@@	%21B%7CGsp%7F_A%7C_g%7Fp%7F_A%7D_g%7C
Bn	Benzyl	C7H7				daD@%60@VTeeVz%60@@@	%21B%7CGsp%7F_A%7C_g%7Fp%7F_A%7D_g%7C
Bzlo	Benzyloxy	C7H7O				didH%60HAYRUe%5EFh@@@@	%21B%7CGwp_OC%7D%7CGq%7E_%7FA%7D%7CGu%7E_p
Cha	beta-Cyclohexylalanine diradical	C9H15NO				dknHPBPOEgEInWe%5DNZjjjcH@	%21Bb@I%7E@Ha%7D_c%7EH@m%5D%7DbGvH@gx%7FbGvH_Wx%7F
Chxo	Cyclohexyloxy	C6H11O				daDH%60HAYRVU%5Bjjj@@	%21B%7CGsp%7F_A%7C_g%7Fp%7F_A%7D_g%7C
Cit	Citrulline diradical	C6H11N3O2				dkODPBdttOEgEInWUijjihr@@	%21Bb@I%7E@Ha%7D_c%7EH@m%5D%7DbGvH%7FHa%7Db@I%7E@Ha%7D
Citp	Citrulline triradical	C6H10N3O2				dgoDpHJ%5Cl@gWD%7FEI%5BUYZfjji%60T@	%21BbGvH%7FGx@bGvH@ha%7DbOrH_Wx%7Fb@KW_Wx@bGt
Clz	2-Chlorobenzyloxycarbonyl	C8H6ClO2				dcLDPDpEdXaImYgWYjB@@@	%21Bb@I%7E@Hb%7Db@JH_X%60B_c%7D%7E@Hb%7DbGu%7EOp
Cp	Cyclopentadienyl	C5H5				gFpH@liLimRp@	%21B%5COtPThy%7FEGl@fP
Cys	Cysteine diradical	C3H5NOS	aa	C	ς	dazHpBPOEgG%60aInVZjcH@	%21Bb@I%7E@Ha%7D_c%7EH@m%5D%7DbGt
Cysp	Cysteine triradical	C3H4NOS				diFHHBD@f@agGoEIVVjjfLP@	%21BbGvH%7FHa%7D_c%7EH%7FM%5D%7D_%60BH_P
D	Deuterium	[2H]				eFAAYhBLCEH@	%21B@FL
Dde	Dde	C10H13O2				dklD%60FDEgHhihicIVZfZj@@	%21Bb@I%7E@Ha%7DupJH@m%5D%7D_%60BH_Wx@b@I%7DbOrH
Dnp	2,4-Dinitrophenyl	C6H3N2O4				dkmB%60bWatpVRd%5EVS%7BHhheEUFfBAbX@@	%21B_c%7EH_%5D%5D%7Db@I%7EOwx%7F_%60BH_%5D%5D%7D_c%7EH_%5D%5D%7D
Et	Ethyl	C2H5				eMBAYRZ@	%21B@Fp@Xp
Fmoc	Fluorenylmethoxycarbonyl	C15H11O2				fde@b@DX@liMkLrjxeVCzLuT@@@P@@@	%21BbOq%7E@Ha%7DbOrH_%5DARcm%7DTv%7Ei%60pAeKv%7C@fpB%5Bj%5B%7EiozfAKvp
For	Formyl	CHO				eMJDVTfP@	%21B@Fp@Xp
Gln	Glutamine diradical	C5H8N2O2	aa	Q	ξ	dmUDPBUICqYqR%5Bevfjihr@@	%21Bb@I%7E@Ha%7D_c%7EH@m%5D%7DbGvH%7FGx@bGt
Glnp	Glutamine triradical	C5H7N2O2				dcuDpH%7BMAYeqWqRVuejZjiad@	%21BbGvH%7FGx@bGvH@ha%7D_c%7EH%7FM%5D%7D_%60BH_P
Glp	Pyroglutamine	C5H5NO2				deVDPBRP%7CV%5CTfygxYjjZL%60@	%21Bb@I%7E@Ha%7DtEJNwr%5B@UMo@FXBN
Glu	Glutamic acid diradical	C5H7NO3	aa	E	ε	dmVLPBRUCqYqR%5Bevfjihr@@	%21Bb@I%7E@Ha%7D_c%7EH@m%5D%7DbGvH%7FGx@bGt
Glup	Glutamic acid triradical	C5H6NO3				dcvLpNcM@IeqWqRVuejZjiad@	%21BbGvH%7FGx@bGvH@ha%7D_c%7EH%7FM%5D%7D_%60BH_P
Gly	Glycine diradical	C2H3NO	aa	G	γ	gGYDBaxuqR%5BYj@@	%21BbOq%7E@Ha%7DbOrH_P
Hci	Homocitrulline diradical	C7H13N3O2				dgoDPBVtLOEgEInWUZZjjfcH@	%21BbGu%7EOx%60B_%60BH_Xc%7CbOrH_X%60BbGvH%7FGx@bGt
Hcip	Homocitrulline triradical	C7H12N3O2				do_DpHI%5C%5CEdwF%7FEI%5BUVVijjjfIP@	%21BbOrH_Wx%7Fb@JH_Xc%7CbGvH%7FHa%7D_c%7EH@m%5D%7D_%60BH_P
His	Histidine diradical	C6H7N3O	aa	H	ζ	dcOHPBGTCqYqR%5BeyUvZjejL%60@	%21Bb@I%7E@Ha%7D_c%7EH@m%5D%7DbGwPTh%7B_UMo@FP
Hisp	Histidine triradical	C6H6N3O				dkoHpHHSAYUqwqRY%5DYXjjVjihy@@	%21BTmA%7DbL@fUHRN%60H%60BbGu%7EOx%60Buwu%7E@Ha%7D
Hser	Homoserine diradical	C4H7NO2				diFDPBPP%7CV%5CTfy%5EZjhr@@	%21BbGu%7EOx%60B_%60BH_X%60Bb@JH_P
Hserp	Homoserine triradical	C4H6NO2				defDpJbPV%5E%5CQ%7CTeVVjji%60d@	%21Bb@JH_X%60BbGu%7EOxc%7Cuwu%7E@Ha%7D
Hyp	Hydroxyproline diradical	C5H7NO2				deVDPBRP%7CV%5C%5CbfbbOCMUUIdE@@	%21Bb@I%7E@Ha%7DtEJNwr%5B@UMo@FUJO
Hypp	Hydroxyproline triradical	C5H6NO2				dmvDpJaPB%5E%5CY%7CTeeWjZjjidRL%60@	%21BBOpH_UARcc%7DTNtBY@HyRSpCQDr%5C
Ile	Isoleucine diradical	C6H11NO	aa	I	ι	defHPBPOEgEInVyjjdrT%60@	%21BbGu%7EOxc%7C_%60BH_Xc%7Cb@I%7EOxa%7D
Ivdde	1-[4,4-dimethyl-2,6-dioxocyclohexylidene)-3-methylbutyl	C13H19O2				f%60a@b@NR@lyEEDhhigEVfjYjj%60@@	%21BbOq%7E@Ha%7Du%7FrH%7FGx%7Fuwu%7E@Ha%7D_%60CW_Xa%7DbOq%7Db@JH
Leu	Leucine diradical	C6H11NO	aa	L	λ	defHPBPOEgEInWijjhr@@	%21BbGu%7EOx%60B_%60BH_X%60Bb@I%7E@Ha%7D
Lys	Lysine diradical	C6H12N2O	aa	K	κ	dmUHPBU@%7CV%5CTfy%5DYjjjL%60@	%21BbGu%7EOx%60B_%60BHoX%60Bb@JH_X%60BbKt
Lxx	Leucine or Isoleucine diradical	C6H11NO	aa	
Lysp	Lysine triradical	C6H11N2O				dcuHpH%7BPVY%5CU%7CTeUYZjjjXY@@	%21Bb@JH_X%60BbGvH@ha%7D_c%7EH@m%5D%7D_%60BH_P
Mbh	4,4'-Dimethoxybenzhydryl	C15H15O2				fdy@b@G%5E@liLsJkzlcZmT@@@UP@@@	%21BbGvH%7FGx%7F_%60BH_Xa%7DuwvH%7FHc%7C_c%7D%7EOxa%7DuwvH%7FGx%7FbGwW_P
Me	Methyl	CH3				eFBAYc@@	%21B@FL
Mebzl	4-Methylbenzyl	C8H9				did@%60@VTee%5Dnh@H@@	%21B%7CGsp__A%7C_g%7Fp%7F_C%7D_g%7Fp_P
Meobzl	4-Methoxybenzyl	C8H9O				deTH%60AAYRVUunh@J@@	%21B%7CGsp__A%7C_g%7Fp%7F_A%7D_g%7Fp_Wy%7F
Met	Methionine diradical	C5H9NOS	aa	M	μ	defHpBPOEgDPaInWYjjhr@@	%21Bb@I%7E@Ha%7D_c%7EH@m%5D%7DbGvH%7FHa%7D
Mmt	4-Methoxytrityl	C20H17O				ffcAB@B%60V%5CbdTTTRRRVvIhnRGMT@@@@AP@@@	%21BbKvH%7FM%5E%7D_c%7D%7E@Hb%7DdX%7FW%7FHb%7Dj%7CnH%7FHc%7CAqOWoWx%7FJV%5EHo%5D%5CBuwvH%7FHb%7D
Mtc	2,2,5,7,8-pentamethylchroman-6-sulphonyl	C14H19O3S				fleAa@DX%5CAY%60DYEHXhhilmiKW%60rpDQUUD@@	%21BbGtBbGwWbGvH%7FGx%7FbGu%7E@Ha%7Duwu%7EOx%60B_c%7EH_Xa%7Db@H@_osW
Mtr	4-Methoxy-2,3,6-trimethylbenzenesulphonyl	C10H13O3S				do%7CLPDrpVXBLbdLTTTngYXBHj@@	%21BbOq%7Db@KWb@I%7E@Ha%7DbOsW%7FHc%7C_c%7EH_Wx@b@JH_P
Mts	Mesitylene-2-sulphonyl	C9H11O2S				d@	
Mtt	4-Methyltrityl	C20H17				d@	
Nle	Norleucine diradical	C6H11NO				defHPBPOEgEInWYjjhr@@	%21Bb@I%7E@Ha%7D_c%7EH@m%5D%7DbGvH%7FHa%7D
Npys	3-Nitro-2-pyridinesulphenyl	C5H3N2O2S				d@	
Nva	Norvaline diradical	C5H9NO				diFHPBPOEgEInWfjjL%60@	%21BbGu%7EOx%60B_%60BH_X%60Bb@JH_P
Odmab	Odmab	C20H26NO3				d@	
Orn	Ornithine diradical	C5H10N2O				deeHPBe@%7CV%5CTfy%5DfjjcH@	%21Bb@I%7E@Ha%7D_c%7EH@m%5D%7DbGvH%7FHa%7D
Ornp	Ornithine triradical	C5H9N2O				dmUHpHYPBQ%5CY%7CTeUejjjfJP@	%21BbGvH%7FHa%7Db@JH_Wx%7Fb@KW_Wx@bGt
Pbf	2,2,4,6,7-pentamethyldihydrobenzofurane-5-sulfonyl	C13H17O3S				d@	
Pen	Penicillamine diradical	C5H9NOS				d@	
Penp	Penicillamine triradical	C5H8NOS				d@	
Ph	Phenyl	C6H5				gOpH@liLkW@@@@	%21B%7COwp_Gy%7F%7COwp%7FWy%7F
Phe	Phenylalanine diradical	C9H9NO	aa	F	φ	dknHPBPOEgEInWe%5DNZj@@cH@	%21Bb@I%7E@Ha%7D_c%7EH@m%5D%7DbGvH@gx%7FbGvH_Wx%7F
Phepcl	4-Chlorophenylalanine diradical	C9H8ClNO				dg%5EHpBPOEgFxaInWe_Sfj%60@bL%60@	%21BbOq%7E@Ha%7D_c%7EH@m%5D%7DbGvH@gx%7FbGvH_Wx%7FbGt
Phg	Phenylglycine	C8H7NO				dcNHPBPOEgEInVuWYj%60@Hr@@	%21BbOq%7E@Ha%7Db@I%7EOxa%7DbGwW_Wx%7F_c%7FW_P
Pmc	2,2,5,7,8-Pentamethylchroman-6-sulphonyl	C14H19O3S				d@	
Pro	Proline diradical	C5H7NO	aa	P	π	difHPBPOEgEInYxYjjhr@@	%21Bb@I%7E@Ha%7DtEJNwr%5B@UMo@FP
Pyr	Pyroglutamine	C5H5NO2				deVDPBRP%7CV%5CTfygxYjjZL%60@	%21Bb@I%7E@Ha%7DtEJNwr%5B@UMo@FXBN
Sar	Sarcosine diradical	C3H5NO				d@	
Ser	Serine diradical	C3H5NO2	aa	S	σ	dazDPBS%60%7CV%5CTfyYjjL%60@	%21Bb@I%7E@Ha%7D_c%7EH@m%5D%7DbGt
Serp	Serine triradical	C3H4NO2				diFDpB%60PBV%5C%5E%7CTeYZjjXq@@	%21BbGvH%7FHa%7D_c%7EH%7FM%5D%7D_%60BH_P
Sta	Statine diradical	C8H15NO2				d@	
Stap	Statine triradical	C8H14NO2				d@	
Tacm	Trimethylacetamidomethyl	C6H12NO				d@	
Tbdms	t-Butyldimethylsilyl	C6H15Si				d@	
Tbu	t-Butyl	C4H9				d@	
Tbuo	t-Butoxy	C4H9O				d@	
Tbuthio	t-Butylthio	C4H9S				d@	
Tfa	Trifluoroacetyl	C2F3O				d@	
Thr	Threonine diradical	C4H7NO2	aa	T	τ	d@	
Thrp	Threonine triradical	C4H6NO2				d@	
Tfsi	(Bis)(trifluoromethanesulfonyl)imide	C2F6NO4S2				d@	
Tips	Triisopropylsilyl	C9H21Si				dmT@P@VX%5CDffYjjjh@@	%21B_a@gHb%5C%5DFBI%7FuWxP%5Ezi%7EKwxPFAt
Tms	Trimethylsilyl	C3H9Si				gJPD@lqpRZj%60@	%21BbOq%7E@Gx%7FbGt
Tos	Tosyl	C7H7O2S				dmtDPDpEf@cHiCDeafV@B@@	%21B%7COu%7C%7COvw%7CGwp_Gy%7F%7CGwp%7FWy%7F%7CGt
Trp	Tryptophan diradical	C11H10N2O	aa	W	ω	f%60qQA@BFPCqXxiMr%7CrnhsoSUTa@QCD@@	%21BbOq%7E@Ha%7D_c%7EH@m%5D%7DbGwPTh%7B_UMojXL@YpB%5B@Ini%60
Trpp	Tryptophan triradical	C11H9N2O				fhiQC@HFB@I%5Cx%7E%7CTfYU_ebLDjhDHjibFd@	%21BTmA%7DbL@fUHR_Ihz@iVBeXHc%7CgrZH_Wx%7FbOsW_Wx@bGt
Trt	Trityl	C19H15				fbm@B@@KJSSLrjkyhnRGMT@@@@@@@@	%21BrHI%7EPGy_rMvW@l%60BQCvWw%5CbBAg%7D%7EPGy@%5Di%7D%7EW%7Cc%5DcNwH%60i_%5D_e%7C
Tyr	Tyrosine diradical	C9H9NO2	aa	Y	ψ	dg%5EDPBRp%7CV%5CTfy%5EU%7DNZj@BHr@@	%21BbOq%7E@Ha%7D_c%7EH@m%5D%7DbGvH@gx%7FbGvH_Wx%7FbGt
Tyrp	Tyrosine triradical	C9H8NO2				do%7EDpEapBS%5C%5B%7CTee%5DYYnh@JjdbT@	%21B_%60BH%7FGx@bGvH@h%60BbKvH@ha%7D_c%7EH@m%5D%7D_%60BHoP
Val	Valine	C5H9NO	aa	V	ν	diFHPBPOEgEInVfjjL%60@	%21Bb@I%7E@Ha%7D_c%7EH@m%5D%7D_%60BH_P
Valoh	beta-Hydroxyvaline diradical	C5H9NO2				defDPBS%60%7CV%5CTfyZfjjcH@	%21Bb@I%7E@Ha%7Db@I%7EOxa%7DOwy%7EOpA%7E
Valohp	beta-Hydroxyvaline triradical	C5H8NO2				dmVDpFaPBQ%5CY%7C%5CbTbaTjjjXq@@	%21BbGvH%7FHa%7D_Xc%7CbGx%7Fb@KW_Wx@bGt
Xan	Xanthyl	C13H9O				d@	
Z	Benzyloxycarbonyl	C8H7O2				dmtD%60DpEeImYVUfh@@@@	%21Bb@I%7E@Ha%7Db@JH_Xc%7C_c%7EH_Xa%7D_c%7C
Damp	Desoxyadenosine monophosphate diradical	C10H12N5O5P	DNAp	A	α	fnsiS@IASUlJB%5DxGbkplxyDhhldhiEEUeSdTekUUUULBATXPlKd@@	%21Bqc%7D%7BJxy%7FO%7CXoSWC%7D%7FW%5DpoG%7FQ%5COu%7D%5Drmx%5COu%7D%5D%7Bqpza%7C%7Fqb%7DMJwlk%5Es%7FFO%7CX
Dcmp	Desoxycytidine monophosphate diradical	C9H12N3O6P	DNAp	C	ς	fjmps@IQKB%60g%5EBCqUxV%5C%5CbTTVRTTbb%5EiqNZjjjifVkBEa%5C%60@	%21Bqc%7D%7BJxy%7FO%7CXoSWA%7D_W%5DpoG%7FQ%5CGuMKuMh%5CGu%7D%5D%7BqpSF%5D%7FtW%7FQTva%7FtP
Dgmp	Desoxyguanosine monophosphate diradical	C10H12N5O6P	DNAp	G	γ	fakhs@IASUlJB%5D%7BhOEWaYqrIQQYIQRJJkQTyEIZuUUUSRtsUaBpnP@	%21Bqc%7D%7BJxy%7FO%7CXoSWA%7D%7FW%5DpoG%7FQ%5CGu%7D%5Drmx%5COu%7D%5D%7Bqpza%7C%7Fqb%7DMJwlk%5Es%7FFza%7C%7Fq%60
Dtmp	Desoxythymidine monophosphate diradical	C10H13N2O7P	DNAp	T	τ	ff%7DQs@IQaPSoAjCqUxV%5C%5CbTTVRTTbbZUNIsUUUULsSVDKBy@@	%21Bqc%7D%7BJxy%7FO%7CXoSWC%7D_W%5DpoG%7FQ%5CGuMKuMh%5CGu%7D%5D%7BqpSF%5D%7FtW%7FQTvaSZG%7FQ
Dump	Desoxyuridine monophosphate diradical	C9H11N2O7P	DNAp	U	υ	fjmQs@IQaPSoAJCqUxV%5C%5CbTTVRTTbb%5EiqNZjjjifYkBEa%5C%60@	%21Bqc%7D%7BJxy%7FO%7CXoSWA%7D_W%5DpoG%7FQ%5CGuMKuMh%5CGu%7D%5D%7BqpSF%5D%7FtW%7FQTva%7FtP
Drmp	Desoxyribose monophosphate diradical	C5H7O5P	DNAp			d@	
Dadp	Desoxyadenosine diphosphate diradical	C10H13N5O8P2	DNApp	A		fmwhH%60IASM%5CJBl%7BwQ%60%7CU%5EF_AkbdlsjsSOoRtyEMYuUUUM@pSEQaBpnP@	%21BIi%7F%5BRx%7B_grZOSXa%7D_%5D%5EH@m%7FQbGu%7DutnD%7FM%5EH%7FGwWzf%7E_Ih%7DM_%60AKvto%5B_%60@%7F_%60A%7EgrZ_I%60
Dcdp	Desoxycytidine diphosphate diradical	C9H13N3O9P2	DNApp	C		fikqH%60IQGB%60kN%7CEoP%5EJoCOaUqrIQQYIQRJKGRJgDejjjjZYfZkBEa%5C%60@	%21BIi%7F%5BRx%7B_grZOSXa%7D_%5D%5EH@m%7FQbGuMcqLX@m%5EH@gwWKB__t%5D%7FQ_%60@SFGx@Owx@_m%7FQ
Dgdp	Desoxyguanosine diphosphate diradical	C10H13N5O9P2	DNApp	G		fcoiH%60IASM%5CJBl%7BwQ%7BAxj%7CL%7ECWEIYgUff_%5EfZ%5CbflzjjjfiZifZlHVEr@@	%21BIi%7F%5BRx%7B_grZOSXa%7D_%5D%5EH@m%7FQbGu%7DutnD@m%5EH@gwWzf%7E_Ih%7DM_%60AKvto%5B_%60@%7F_%60A%7Egr%5Bj%5By%7Cf
Dtdp	Desoxythymidine diphosphate diradical	C10H14N2O10P2	DNApp	T		fe%7BPh%60IQaPUg%5ECt%5Cp%5EJoCO%60uqrIQQYIQRJKEJQTxdmUUUSSMTsVDKBy@@	%21BIi%7F%5BRx%7B_grZOSXa%7D_%5D%5EH%7FM%7FQbGuMcqLX@m%5EH@gwWKB__t%5D%7FQ_%60@SFALX_%60@%7F_%60A%7Ew%7DD
Dudp	Desoxyuridine diphosphate diradical	C9H12N2O10P2	DNApp	U		fikPh%60IQaPUg%5EBwhp%5EJoCOaUqrIQQYIQRJKGRJgDejjjjZYjYkBEa%5C%60@	%21BIi%7F%5BRx%7B_grZOSXa%7D_%5D%5EH@m%7FQbGuMcqLX@m%5EH@gwWKB__t%5D%7FQ_%60@SFGx@Owx@_m%7FQ
Datp	Desoxyadenosine triphosphate diradical	C10H14N5O11P3	DNAppp	A		eohZMJ@I@diehJAKGOFnakg%60OESpr%7CMo@yqrIQQYIQRJKYZQKVRcbIJjZjjjihFAhjZcAAXKb@@	%21BIi%7F%5BRx%7B_grZOSXa%7D_%5D%5EH@m%7FQbGu%7DutnD%7FM%5EH@gwWzf%7E_Ih%7DM_%60AKvto%5B@hcW@%60A%7EgrZ_Igx@_%60@@_c%7D%7E
Dctp	Desoxycytidine triphosphate diradical	C9H14N3O12P3	DNAppp	C		fkopZ%60IQGB%60kN%7CFk%5E%7BNCqUxY%7CI%7EBwGHeEEdeEHhl%5DHlYJ%5CRVjjjiifVjfkBEa%5C%60@	%21BIi%7F%5BRx%7B_grZOSXa%7D_%5D%5EH@m%7FQbGuMcqLX@m%5EH@gwWKB__t%5D%7FQ_%60@SFOrHupH@_m%7FQ_%60A%7E@@A%7EOwx
Dgtp	Desoxyguanosine triphosphate diradical	C10H14N5O12P3	DNAppp	G		e%60TZCJ@I@diehJAKGOFnamgo%60OESpr%7CCoByqrIQQYIQRJKYZQQYrT%5CQIUSUUUUMRuMLtuVBBpWD@@	%21BIi%7F%5BRx%7B_grZOSXa%7D_%5D%5EH@m%7FQbGu%7DutnD@m%5EH@gwWzf%7E_Ih%7DM_%60AKvto%5B@hcW@%60A%7Egr%5Bj%5By%7Cf_%60A%7E@@A%7EOwx
Dttp	Desoxythymidine triphosphate diradical	C10H15N2O13P3	DNAppp	T		fg%7FQZ%60IQaPUg%5EBwhygnCqUxY%7CE%7EFwGHeEEdeEHhlTiDSISbRuUUUMLuMMMVDKBy@@	%21BIi%7F%5BRx%7B_grZOSXa%7D_%5D%5EH@m%7FQbGuMcqLX@m%5EH@gwWKB__t%5D%7FQ_%60@SFALX%7FHcW@%60A%7Ew%7DE%7E@Gx@@Gx%7F_%60
Dutp	Desoxyuridine triphosphate diradical	C9H13N2O13P3	DNAppp	U		fkoQZ%60IQaPUg%5ECUoQ%7BNCqUxY%7CI%7EBwGHeEEdeEHhl%5DHlYJ%5CRVjjjiiffffkBEa%5C%60@	%21BIi%7F%5BRx%7B_grZOSXa%7D_%5D%5EH@m%7FQbGuMcqLX@m%5EH@gwWKB__t%5D%7FQ_%60@SFOrHupH@_m%7FQ_%60A%7E@@A%7EOwx
Dade	Desoxyadenosine diradical	C10H11N5O2	DNA	A		fluha@IF%5DELJ@%7CQNJRsN%7CrntyYpXuUUTBATXPlKd@@	%21B%5CKqp%7FQARcg%7CT%5E%7CX@@Id%60zeHo@Ie%7D%5DvaLcg%7CT%5EqAMDDvN_xy%7F
Dcyt	Desoxycytidine diradical	C9H11N3O3	DNA	C		fhiqa@IVCBa%60%5EHgEIYg%5EY%7EgG%5EjjjiejpaXWH@	%21BBOpH_UARcc%7DTN%7CY@PIe%60zeIO@MDSIrpXTd%7DRSqLgTd%7C
Dgua	Desoxyguanosine diradical	C10H11N5O3	DNA	G		fbmia@IF%5DELJYAxb%5CTef%5Dye%5EZ%5ClxLZjjjeZfkBEa%5C%60@	%21B%5CKqp%7FQARcg%7CT%5E%7CX@@Id%60zeHo@Ie%7D%5DvaLcg%7CT%5EqAMDDvN_vaLcg%7C
Dthy	Desoxythymidine diradical	C10H12N2O4	DNA	T		fdyPQ@IVaPtP%5EHgEIYg%5EYuiqwjjjjYikBEa%5C%60@	%21BBOpH_UARcc%7DTN%7CY@PIe%60zeIO@MDSIrpXTd%7DRSqLgDr%5DRSp
Dura	Desoxyuridine diradical	C9H10N2O4	DNA	U		fhiPQ@IVaPpP%5EHgEIYg%5EY%7EgG%5EjjjifZpaXWH@	%21BBOpH_UARcc%7DTN%7CY@PIe%60zeIO@MDSIrpXTd%7DRSqLgTd%7C
Amp	Adenosine monophosphate diradical	C10H12N5O6P	RNAp	A	α	fakhs@INBwlJ%5CTgHOFwaEqrIQQSYQJIRIMLyxMVuUUUPLpEPQDqBId@@	%21BNuSFPDlDTEH%7Ft_pHtP@H_TuPBOq_qopHBGtgD%7DD@RpPH_Wtw%7F@aOTd%7DRtPCQ@@
Cmp	Cytidine monophosphate diradical	C9H12N3O7P	RNAp	C	ς	ff%7Dqs@I%5EkBgENSdGc%5BpbxyDhhilheDiLv%5CBVjjjjYfZbHfHQL%60@	%21BNuSFPDlDTEH%7Ft_pHtP@H_TuPBOp%7FcbpXBGtSItuPSU@H_Wtw%7F@%60lFDuP
Gmp	Guanosine monophosphate diradical	C10H12N5O7P	RNAp	G	γ	fi%7Bis@INBwlJ%5CTgHp%5EMoBKcdRbbfrbTRdR%5CSN%5ECUmUUUUKMSMQDSDHfP@	%21BNuSFPDlDTEH%7Ft_pHtP@H_TuPBOq_qopHBGtgD%7DD@RpPH_Wtw%7F@aOTd%7DRtP@gD%7DD@
Tmp	Thymidine monophosphate diradical	C10H13N2O8P	RNAp	T	τ	fncPK@I%5EaSbgIrtGc%5BpbxyDhhilheDiLjs%60RuUUUSLuMDQLPbY@@	%21BNuSFPDlDTEH%7Ft_pHtP@H_TuPBOp%7FcbpXBGtSItuPSU@H_Wtw%7F@%60lFBpXSU@
Ump	Uridine monophosphate diradical	C9H11N2O8P	RNAp	U	υ	ff%7DPK@I%5EaSbgIsTGc%5BpbxyDhhilheDiLv%5CBVjjjjYffbHfHQL%60@	%21BNuSFPDlDTEH%7Ft_pHtP@H_TuPBOp%7FcbpXBGtSItuPSU@H_Wtw%7F@%60lFDuP
Rmp	Ribose monophosphate diradical	C5H7O6P	RNAp			d@	
Adp	Adenosine diphosphate diradical	C10H13N5O9P2	RNApp	A		fcoiH%60INCt%5CJ%5CUENU%7BAxv%7CF%7EDwGHeEEMeDheHd%5CeHsg%60u%7BUUUU@mAEMPQDqBId@@	%21BvuPfpDnDtEK_t_rHtXBH_TwPbOr_IorHbGtgD%7DF@RxPBuxc%7C_%5D%5EOTh%7DR_%60CQ%60MF@_%60@%7F_%60A%7E
Cdp	Cytidine diphosphate diradical	C9H13N3O10P2	RNApp	C		fe%7Bph%60I%5E%5BBgENbgHy%60%7C%5B%5EE_CkcdRbbfrbTRdqrdYpIZjjjieijZbHfHQL%60@	%21BvuPfpDnDtEK_t_rHtXBH_TwPb@K_cbpXbKtSItwPS%5D@Bux%60Bo%5D%5ClFGx@S%5DA%7E@C%7D%7E@Gx
Gdp	Guanosine diphosphate diradical	C10H13N5O10P2	RNApp	G		fk%7Fhh%60INCt%5CJ%5CUENY%7BNCqmxM%7CEnNQJJJ%5BJIQJQHzIRLyxM%5EuUUUTkUSLuQDSDHfP@	%21BvuPfpDnDtEK_tPJHtXBH_TwPb@J_I%60JHbGtgD%7DF@RxPBux%60B_%5D%5EOTh%7DR_%60CQ%60B%5CStXA%7E@C%7D%7E@Gx
Tdp	Thymidine diphosphate diradical	C10H14N2O11P2	RNApp	T		fmgQh%60I%5EaSbgQSglu%60%7C%5B%5EC_@%5Bbdls%5Erruo%7DLxDmUUUTruTsTQDqBId@@	%21BvuPfpDnDtEK_tPJHtXBH_TwPbOs_cbpXbGtSItwPS%5D@Bux%60B_%5D%5ClFBpX_%60AMtGx@Owx@_%60
Udp	Uridine diphosphate diradical	C9H12N2O11P2	RNApp	U		fe%7BQh%60I%5EaSbgQSehy%60%7C%5B%5EE_CkcdRbbfrbTRdqrdYpIZjjjiejfZbHfHQL%60@	%21BvuPfpDnDtEK_t_rHtXBH_TwPb@K_cbpXbKtSItwPS%5D@Bux%60Bo%5D%5ClFGx@S%5DA%7E@C%7D%7E@Gx
Atp	Adenosine triphosphate diradical	C10H14N5O12P3	RNAppp	A		e%60TZCJ@IG@nahJNEHdliemgo%60OFspZ%7CCoByqrIQQSYQJIRIGIRWRL%5C%5EAU%5DUUUUPKPQMTuABDpaBX%60@	%21BvuPfpDnDtEK_t_rHtXBH_TwPbOr_IorHbGtgD%7DF@RxS%7Cuxc%7C_%5D%5EOTh%7DR_%60CQ%60MF@@hcW%7F@A%7E_%60A%7E@@A%7EOwx
Ctp	Cytidine triphosphate diradical	C9H14N3O13P3	RNAppp	C		fg%7FqZ%60I%5E%5BBgENbgOQsO%5CGc%5BpkxK%7CMnNQJJJ%5BJIQJSGJPzQg@ejjjjfVffjZbHfHQL%60@	%21BvuPfpDnDtEK_tPJHtXBH_TwPb@K_cbpXbGtSItwPS%5DC%7Cux%60B_%5D%5ClFGx@S%5D@BbM%5CB@Gy%7E@Gx@@Gx%7F_%60
Gtp	Guanosine triphosphate diradical	C10H14N5O13P3	RNAppp	G		eh%5CZKJ@IG@nahJNEHdliemco%60POFspZ%7CKoAyqrIQQSYQJIRIGQJQzQccpJkjjjjjeZjYZijbDIaBDq@@	%21BvuPfpDnDtEK_tPJHtXBH_TwPb@J_I%60JHbGtgD%7DF@RxPBux%60B_%5D%5EOTh%7DR_%60CQ%60B%5CStX@BbM_%7C@Gy%7E@Gx@@Gx%7F_%60
Ttp	Thymidine triphosphate diradical	C10H15N2O14P3	RNAppp	T		eo%60TGJ@IOHJNEGHdlnaiekg%60OFspZ%7CMo@yqrIQQSYQJIRY%5BZPzQc%60HjjjjjYZjVjZbDIaBDq@@	%21BvuPfpDnDtEK_tPJHtXBH_TwPb@K_cbpXbGtSItwPS%5D@Bux%60B_%5D%5ClFBpX_%60AMt@JHupH@_gx@_%60@@_c%7D%7E
Utp	Uridine triphosphate diradical	C9H13N2O14P3	RNAppp	U		fg%7FPz%60I%5EaSbgQSeoQsO%5CGc%5BpkxK%7CMnNQJJJ%5BJIQJSGJPzQg@ejjjjfVjVjZbHfHQL%60@	%21BvuPfpDnDtEK_tPJHtXBH_TwPb@K_cbpXbGtSItwPS%5DC%7Cux%60B_%5D%5ClFGx@S%5D@BbM%5CB@Gy%7E@Gx@@Gx%7F_%60
Ade	Adenosine diradical	C10H11N5O3	RNA	A		fbmia@IV%7CgLJ%5CAxj%5CTef%5BvyWV%5C%5DzJZjjj%60PJ%60bIbDSH@	%21BBOpH_UARcc%7FFPEP%7BPId%7BRpBN%5B%7Ei%7CBEP%7BiVA@fUARU@QTADBYPId
Cyt	Cytidine diradical	C9H11N3O4	RNA	C		fdypQ@INcBgK@%7CUNJRsM%7B%5C%7Esg%60uUUULmQDSDHfP@	%21BBOpH_UARcc%7FFPEP%7BPId%7BRpBN%5B%7EiRTBpgDq%60@c%60BNKB%5C@c%60
Gua	Guanosine diradical	C10H11N5O4	RNA	G		fj%7DhQ@IV%7CgLJ%5CJCqTxiKLwmroKNN%7DEMUUUTkTuDQLPbY@@	%21BBOpH_UARcc%7FFPEP%7BPId%7BRpBN%5B%7Ek%7CBEP%7BiVA@fUARU@QTADBYiVA@fP
Thy	Thymidine diradical	C10H12N2O5	RNA	T		fleQQ@INaSed%60%7CUNJRsM%7B%5CzlyxMUUUSMMDQLPbY@@	%21BBOpH_UARcc%7FFPEP%7BPId%7BRpBN%5B%7EiRTBpgDq%60@c%60BNKB%5ClIpBN
Ura	Uridine diradical	C9H10N2O5	RNA	U		fdyQQ@INaSeh%60%7CUNJRsM%7B%5C%7Esg%60uUUULsQDSDHfP@	%21BBOpH_UARcc%7FFPEP%7BPId%7BRpBN%5B%7EiRTBpgDq%60@c%60BNKB%5C@c%60
Dam	1,2′-O-dimethyladenosine monophosphate diradical 01A	C12H16N5O6P	NucleotideP	œ		feghs@E%5Ect%5CJ%5CudhOEw%60eqrIQQQKZIQJQIiLxFK%5EuUUUUKLtuQDSDHfP@	%21BNuSFPDlDTEH%7Ft_pHtP@H_TuOSU@H%7FE%7FF%7F@%60H_R%5CStPAKA@a%7D_S_%7CBD%7DRSuKQ@MD@SuH
Dgm	1,2′-O-dimethylguanosine monophosphate diradical 01G	C12H16N5O7P	NucleotideP	ε		fmwis@E%5Ect%5CJ%5Cudlp%5EKoAKcdRbbbVtRbTbSbSNAbwmUUUURsMSUDQLPbY@@	%21BNuSFPDlDTEH%7Ft_pHtP@H_TuOSU@H%7FE%7FF%7F@%60H_R%5CStPAKA@a%7D_S_%7CBD%7DRSuKQ@B%5CStPAOT%60
Dim	1,2′-O-dimethylinosine monophosphate diradical 019A	C12O7N4H15P	NucleotideP	ξ		fegIs@E%5EcvENZrTXOEw%60eqrIQQQKZIQJQIiLxFK%5EuUUUUKLtuQDSDHfP@	%21BNuSFPDlDTEH%7Ft_pHtP@H_TuOSU@H%7FE%7FF%7F@%60H_R%5CStPAKA@a%7D_S_%7CBD%7DRSuKQ@MD@SuH
Tia	2- methylthiomethylenethio-N6-isopentenyl-adenosine monophosphate diradical	C17H24N5O6PS2	NucleotideP	£		eh%5CZFJ@IG@nahJNEDl%60OFspb%5CV%60cXHrIQQSYQJIRINIYIKQccpJkjjjjjAfBJjfjBDIaBDq@@	%21BpBYTvxBNFY%7F%7CbEJObGvOS%5C@Yt%5D%7EDUEJOctu%7E@Ha%7D%60HzOSTwPTh%7EH@hc%7C_%60BH_Xa%7Db@JH@gx@bGvH@h%60B_%60BH_P
Mhc	2′‐O‐Methyl-5-hydroxymethylcytidine monophosphate diradical	C11H16N3O8P	NucleotideP	¡		fikpK@EA%7BBgM%5ErTXOEw%60eqrIQQQKZIQJSJigHujjjjifYjkBHQL%60@	%21BNuSFPDlDTEH%7Ft_pHtP@HoTuOSU@H%7FC%7ENKA%60HoQLgSUAMT@a%7DoS_%7CBBpXKAaMT@CQ
Odg	N2,2′-O-dimethylguanosine monophosphate diradical 02G	C12H16N5O7P	NucleotideP	γ		fmwis@E%5Ect%5CJ%5Cudlp%5EKoAKcdRbbbVtRbTbSbsNAbwmUUUURsMSUDQLPbY@@	%21BNuSFPDlDTEH%7Ft_pHtP@H_TuOSU@H%7FE%7FF%7F@%60H_R%5CStPAKA@a%7D_S_%7CBD%7DRSuKQ@B%5CStPAOT%60
Ntg	N2,N2,2′-O-trimethylguanosine monophosphate diradical 022G	C13H18N5O7P	NucleotideP	|		fcois@E%5Ect%5CJ%5Cudlp%5EKoAKcdRbbbVtRbTbSbTYpLVcjjjjjVYjZjHbXaDr@@	%21BNuSFPDlDTEH%7Ft_pHtP@H_TuOSU@H%7FE%7FF%7F@%60H_R%5CStPAKA@a%7D_S_%7CBD%7DRSuHgD%7DD@tPBNOt%7DR
Otg	N2,7,2′-O-trimethylguanosine monophosphate diradical 027G	C13H20N5O7P	NucleotideP	æ		fcoisBE%5EbN%5CJ%5Cudjp%5EKoAKcFU%7DdRbbbVtRbTbRlQYpLVcjjjjjVYjjjHbXaDr@@	%21BNuSFPDlDTEH%7Ft_pHtP@H_TuOSU@H%7FE%7FF%7F@%60H_R%5CStPAKA@a%7D_S_%7CBD%7DRSuKFPMD@IqOQ@D%7DR
Rya	2′-O-ribosyladenosine monophosphate diradical 00A	C15H20N5O9P	NucleotideP	^		e%60%5CZIL@DaegobFAIO@hlm%60OGSp%5C%5C%5CbbbfrRbdTT%5CrbRQUCDQTrusuUUUUMUU@pET@@@	%21BIlAKaMARw%7DDBbMF@bGuMtHc%7CKAbH_ZU%60@GzH_WwW@h%60XKF%7FjKB_jXB%5CSiVA%60zmG_Irp%7F_hQKctvOSR%5ClIrp
Ryg	2′-O-ribosylguanosine monophosphate diradical 00G	C15H20N5O10P	NucleotideP	ℑ		ehRZEL@DaegobFAIO@hlm%60POGSp%5C%5C%5CbbbfrRbdTT%5CrbRQbhXbJfVn%5EjjjjijjjVZfj@@@	%21BIlAKaMARw%7DDBbMF@bGuMtH%60BKAbH_ZU%60@GzH_WwW@h%60XKF%7FjKB_jXB%5CSiVA%60zmG_Irp%7F_hQKctvOSR%5Clt%5D%7CgK@
Tmu	2-thio-2′-O-methyluridine monophosphate diradical 02U	C10H13N2O7PS	NucleotideP	∏		fncQp%60EAaSfleZCq%5Dx%5EBDnNQJJJI%5BQJIRYlyFmUUUULsSQDSDHfP@	%21BNuSFPDlDTEH%7Ft_pHtP@H_TuOSU@H%7FC%7ENKA%60H_QLgSUAMT@a%7D_S_%7CBBpXSU@
Dmut	3,2′-O-dimethyluridine monophosphate diradical 03U	C11H15N2O8P	NucleotideP	σ		fasPK@EAaSfoYKtGb%7BpRxyDhhhemDheIhv%5CcVjjjjfYjZHbXaDr@@	%21BNuSFPDlDTEH%7Ft_pHtP@H_TuOSU@H%7FC%7ENKA%60H_QLgSUAMT@a%7D_S_%7CBBpXOxyMT@
Amc	N4-acetyl-2′-O-methylcytidine monophosphate diradical 042C	C12H16N3O8P	NucleotideP	ℵ		fe%7BpK@EA%5BBgM%5ErTXOEw%60eqrIQQQKZIQJSMJLyFmUUUULsMMQDSDHfP@	%21BNuSFPDlDTEH%7Ft_pHtP@H_TuOSU@H%7FC%7ENKA%60H_QLgSUAMT@a%7D_S_%7CBBpXSU@%7FcaLgSU@
Tmc	N4,N4,2′-O-trimethylcytidine monophosphate diradical 044C	C12H18N3O7P	NucleotideP	β		fikqs@EA%5BBgM%5ErTGb%7BpRxyDhhhemDheIfhsdZuUUUTsLuTQDqBId@@	%21BNuSFPDlDTEH%7Ft_pHtP@H_TuOSU@H%7FC%7ENKA%60H_QLgSUAMT@a%7D_S_%7CBBpXSU@%7FcbpX
Dcy	N4,2′-O-dimethylcytidine monophosphate diradical 04C	C11H16N3O7P	NucleotideP	λ		fasqs@EA%5BBgM%5ErTGb%7BpRxyDhhhemDheIff%5CcVjjjjfYfjHbXaDr@@	%21BNuSFPDlDTEH%7Ft_pHtP@H_TuOSU@H%7FC%7ENKA%60H_QLgSUAMT@a%7D_S_%7CBBpXSU@lF@
Muo	2′-O-methyluridine 5-oxyacetic acid methyl ester monophosphate diradical 0503U	C13H17N2O11P	NucleotideP	Ͽ		fkoQk@EAaSfoYJwj%7D%60%7CW%5EBWGHeEEDmheDiLjlif%5CcVjjjjfYjZZhbIbDSH@	%21BKAb@tURD@m%5CYpMAMpBYMcv%7FjbOplIwx@bGuMc%7D%5CBb@JH@dvOcuKPSXa%7DbGvH%7FH%60BbGu%7EOxc%7CbGt
Xmu	5-carboxymethylaminomethyl-2′-O-methyluridine monophosphate diradical 051U	C13H18N3O10P	NucleotideP	)		fkopk@EAGBgM%5ErWns%60%7CW%5EBWGHeEEDmheDiLjleF%5CcVjjjjfYjZfhbIbDSH@	%21BKAb@tURD@m%5CYpMAMpBYMcv%7Fjb@HlIwx@bGuMc%7D%5CBb@JH@dvOcuKPSXa%7DbGvH@h%60BbGvH@gx@bKt
Mmu	5-methoxycarbonylmethyl-2′-O-methyluridine monophosphate diradical 0521U	C13H17N2O10P	NucleotideP	∩		fcwPk@EAaSfoYKvZp%5EKoAKcdRbbbVtRbTfUVfYrMZjjjjYfifjHbXaDr@@	%21BS%5D@lFJU%60@Gyoza%60lzf@lI%7DmK_%60B@cm%5CBb@HlI%7D%5D%7D_%60A%7E@BpgIqLXKH%60Bb@I%7E@Ha%7D_c%7EH%7FHa%7D
Cue	5-(carboxyhydroxymethyl)-2′-O-methyluridine methyl ester monophosphate diradical 0522U	C13H17N2O11P	NucleotideP	∩		fkoQk@EAaSfoYKtZ%7D%60%7CW%5EBWGHeEEDmheDiLjhYf%5CcVjjjjfYjZZhbIbDSH@	%21BS%5D@lFJU%60@Gyoza%60lzf@lI%7DmK_%60B@cm%5CBb@HlI%7D%5D%7D_%60A%7E@BpgIqLXKH%60Bb@I%7E@Gx@bGu%7EOxc%7CbGt
Cyu	5-carbamoylmethyl-2′-O-methyluridine monophosphate diradical 053U	C12H16N3O9P	NucleotideP	~		fmgqK@EAWBgM%5ErWlp%5EKoAKcdRbbbVtRbTfUVcNQkUUUUSLuLuDQLPbY@@	%21BNuSFPDlDTEH%7Ft_pHtP@H_TuOSU@H%7FC%7ENKA%60H_QLgSUAMT@a%7D_S_%7CBBpXKAaMTDuPOxxlF@
Ipu	5-(isopentenylaminomethyl)-2′-O-methyluridine monophosphate diradical 0583U	C16H24N3O8P	NucleotideP	¼		fg%7FpK@EAGBgM%5ErWhOEw%60eqrIQQQKZIQJSJkIJLyFmUUUULsTuMTQDqBId@@	%21BS%5D@lFJU%60@Gyoza%60lzf@lI%7DmK_%60B@cm%5CBb@HlI%7D%5D%7D_%60A%7E@BpgIqLXKH%60Bb@I%7E@Ha%7Db@JH_Xc%7C_%60BH_P
Mcy	5,2′-O-dimethylcytidine monophosphate diradical monophosphate diradical 05C	C11H16N3O7P	NucleotideP	τ		fasqs@EA%7BBgM%5ErTGb%7BpRxyDhhhemDheIeV%5CcVjjjjfYfjHbXaDr@@	%21BNuSFPDlDTEH%7Ft_pHtP@H_TuOSU@H%7FC%7ENKA%60H_QLgSUAMT@a%7D_S_%7CBBpXKAaMT@
Dmuf	5,2′-O-dimethyluridine monophosphate diradical 05U	C11H15N2O8P	NucleotideP	\		fasPK@EAaSfoYKtGb%7BpRxyDhhhemDheIeV%5CcVjjjjfYjZHbXaDr@@	%21BNuSFPDlDTEH%7Ft_pHtP@H_TuOSU@H%7FC%7ENKA%60H_QLgSUAMT@a%7D_S_%7CBBpXKAaMT@
Tma	N6,N6,2′-O-trimethyladenosine monophosphate diradical 066A	C13H18N5O6P	NucleotideP	η		fmwhs@E%5Ect%5CJ%5CudhOEw%60eqrIQQQKZIQJQIkQg@q%5Bvjjjj%60Y%60JjBHfHQL%60@	%21BNuSFPDlDTEH%7Ft_pHtP@H_TuOSU@H%7FE%7FF%7F@%60H_R%5CStPAKA@a%7D_S_%7CBD%7DRSuKQ@MD@SuHXK@
Nda	N6,2′-O-dimethyladenosine monophosphate diradical 06A	C12H16N5O6P	NucleotideP	χ		feghs@E%5Ect%5CJ%5CudhOEw%60eqrIQQQKZIQJQIkLxFK%5EuUUUTCLAUADSDHfP@	%21BNuSFPDlDTEH%7Ft_pHtP@H_TuOSU@H%7FE%7FF%7F@%60H_R%5CStPAKA@a%7D_S_%7CBD%7DRSuKQ@MD@FBp
Fmc	5-formyl-2′-O-methylcytidine monophosphate diradical 071C	C10H12N3O8P	NucleotideP	°		faspK@I%5E%5BBgENSghOFwaEqrIQQSYQJIRYULxDmUUUTsLttQDqBId@@	%21BNuSFPDlDTEH%7Ft_pHtP@H_TuPBOp%7FcbpXBGtSItuPSU@H_Wtw%7F@%60lFBpXSU@@tP
Omi	2′-O-methylinosine monophosphate diradical 09A	C11H13N4O7P	NucleotideP	≤		fi%7BIs@E%5EcvENZrTXOEw%60eqrIQQQKZIQJQIig@q%5BvjjjjiYffhbIbDSH@	%21BNuSFPDlDTEH%7Ft_pHtP@H_TuOSU@H%7FE%7FF%7F@%60H_R%5CStPAKA@a%7D_S_%7CBD%7DRSuKQ@MD@
Opu	2′-O-methylpseudouridine monophosphate diradical 09U	C10H13N2O8P	NucleotideP	Z		fncPK@@qaSfoYJtGb%7BpRxyDhhhemDheIfsdZuUUULuMMDQLPbY@@	%21BNuSFPDlDTEH%7Ft_pHtP@H_TuOSU@H%7FC%7ENKA%60H_QLgSUAMT@a%7D_S_%7CBBpXSU@
Oma	2′-O-methyladenosine monophosphate diradical 0A	C11H14N5O6P	NucleotideP	:		fi%7Bhs@E%5Ect%5CJ%5CudhOEw%60eqrIQQQKZIQJQIig@q%5Bvjjjj%60Y%60J%60bIbDSH@	%21BNuSFPDlDTEH%7Ft_pHtP@H_TuOSU@H%7FE%7FF%7F@%60H_R%5CStPAKA@a%7D_S_%7CBD%7DRSuKQ@MD@
Omc	2′-O-methylcytidine monophosphate diradical 0C	C10H14N3O7P	NucleotideP	B		fncqs@EA%5BBgM%5ErTGb%7BpRxyDhhhemDheIfsdZuUUUTsLuDQLPbY@@	%21BNuSFPDlDTEH%7Ft_pHtP@H_TuOSU@H%7FC%7ENKA%60H_QLgSUAMT@a%7D_S_%7CBBpXSU@
Omg	2′-O-methylguanosine monophosphate diradical 0G	C11H14N5O7P	NucleotideP	#		fegis@E%5Ect%5CJ%5Cudlp%5EKoAKcdRbbbVtRbTbSbYpLV%7DjjjjjVYjZbHfHQL%60@	%21BNuSFPDlDTEH%7Ft_pHtP@HoTuOSU@H%7FE%7FF%7F@%60H_R%5CStPAKA@a%7D_S_%7CBD%7DRSuKQ@B%5CStP@
Omu	2′-O-methyluridinemonophosphate diradical 0U	C10H13N2O8P	NucleotideP	J		fncPK@EAaSfoYJtGb%7BpRxyDhhhemDheIfsdZuUUUTsMMDQLPbY@@	%21BNuSFPDlDTEH%7Ft_pHtP@H_TuOSU@H%7FC%7ENKA%60H_QLgSUAMT@a%7D_S_%7CBBpXSU@
Cdg	7-cyano-7-deazaguanosine monophosphate diradical 100G	C12H12N5O7P	NucleotideP	φ		fmwis@INzM%5CJ%5CTgLp%5EMoBKcdRbbfrbTRdRUbSN%5ECWmUUUUKLuSuDQLPbY@@	%21BNuSFPDlDTEH%7Ft_pHtP@H_TuPBOq_qopHBGtgD%7DD@RpPH_Wtw%7F@aOTd%7DRqdCQ@B%5CStPCFP@
Azg	7-aminomethyl-7-deazaguanosine monophosphate diradical 101G	C12H16N5O7P	NucleotideP	∉		fmwis@INzM%5CJ%5CTgLp%5EMoBKcdRbbfrbTRdRUbSN%5ECWmUUUUKLuSUDQLPbY@@	%21BNuSFPDlDTEH%7Ft_pHtP@H_TuPBOq_qopHBGtgD%7DD@RpPH_Wtw%7F@aOTd%7DRqdCQ@B%5CStPA%60z%60
Eqo	epoxyqueuosine monophosphate diradical 102G	C17H22N5O10P	NucleotideP	ς		el%5EZEL@IGNaehJNEDlig%60TPOFspb%5C%5CbTTTvTRbTbRlRjbbfXx%7CBjz%7EaAajjjjiYfjZjjjjHPfDHSD@@	%21BNuSFPDlDTEH%7Ft_pHtP@H_TuPBOq_qopHBGtgD%7DD@RpPH_Wtw%7F@aOTd%7DRqdCQ@B%5CStP@%7BULY@TEIKA@a%7DtPA%7DBOpHAEP
Aes	archaeosine monophosphate diradical 103G	C12H15N6O7P	NucleotideP	(		fcoYs@INzM%5ExTxiNY%60%7C%5B%5EDWGHeEEMeDheHdkDhsg%60u%7BUUUURsMTmTQDqBId@@	%21BNuSFPDlDTEH%7Ft_pHtP@H_TuPBOq_qopHBGtgD%7DD@RpPH_Wtw%7F@aOTd%7DRqdCQ@B%5CStP@%7BUFCj
Goq	galactosyl-queuosine monophosphate diradical 104G	C23H32N5O14P	NucleotideP	9		ekXzGL@IGNaehJNEDliod%5CVU%5DSPOFspb%5C%5CbTTTvTRbTbRlRjbTrTrbfRXx%7CBjz%5EAyEjjjjiYfjZijjjjjjbDIaBDq@@	%21BvuPfpDnDtEK_tPJHtXBH_TwPb@J_IorHbGtgD%7DF@RxRH_WwW@hbOTh%7DRIlCQ%60B%5CStXC%5BUB%5B@RxSPT%60JHbGwQ%60H%60BaEQ%7E@Ha%7DbOq%7EOx%60BbGu%7E@Ha%7DbOrH@%60
Gaq	glutamyl-queuosine monophosphate diradical105G	C22H29N6O12P	NucleotideP	⊄		emWVCL@IGNaejXJNEDlioh%5CYUPOFspb%5C%5CbTTTvTRbTbRlRjbTJTtrTXx%7CBjz%5EAjjjjiYfjZijfjfjbDIaBDq@@	%21BTmB@c%60JHUMmMtL@YtEHYgxQTaDoQ%60L@YFY%7CgKMAR%7FH%60Ygy%7CfpAfN%60Hz@%60H%7BPTb%5CltEIRtHBN%7FHaTv%7C@YFY%7FPTha%7Db@I%7E@Ha%7D_c%7EH@ha%7DbOq%7E@Ha%7D
Moq	mannosyl-queuosine monophosphate diradical 106G	C23H32N5O14P	NucleotideP	8		ekXzGL@IGNaehJNEDliod%5CVU%5DSPOFspb%5C%5CbTTTvTRbTbRlRjbTrTrbfRXx%7CBjz%5EAyEjjjjiYfjZijjjjjjbDIaBDq@@	%21BvuPfpDnDtEK_tPJHtXBH_TwPb@J_IorHbGtgD%7DF@RxRH_WwW@hbOTh%7DRIlCQ%60B%5CStXC%5BUB%5B@RxSPT%60JHbGwQ%60H%60BaEQ%7E@Ha%7DbOq%7EOx%60BbGu%7E@Ha%7DbOrH@%60
Qus	queuosine monophosphate diradical 10G	C17H22N5O9P	NucleotideP	Q		edZZIL@IGNaehJNEDliohPOFspb%5C%5CbTTTvTRbTbRlRjbTKGG%60UWSpMUUUUKLuSUMUTPaLHPfH@@	%21BNuSFPDlDTEH%7Ft_pHtP@H_TuPBOq_qopHBGtgD%7DD@RpPHoWtw%7F@aOTd%7DRqdCQ@B%5CStP@%7BULY@RpQPTopHBGwQ@@QT
Cpo	1-methyl-3-(3-amino-3-carboxypropyl)pseudouridine monophosphate diradical 1309U	C14H20N3O10P	NucleotideP	α		fg%7Fpk@OAWBgENSgi%7B%60%7C%5B%5EDWGHeEEMeDheIhjbihs%60RuUUTsTuSUMQDSDHfP@	%21BTh%7CSI%7EioOwy%60iR%5CSiV%7CSFGx%7Fw%7DFH_%5D%5D%7DDqbH@gx%7F_c%7CSFA%60lIqOW_Xa%7Duwu%7EOx%60BbGu%7EOx%60B_%60BH_P
Mls	1-methylinosine monophosphate diradical 19A	C11H13N4O7P	NucleotideP	O		fi%7BIs@INBvENJSghOFwaEqrIQQSYQJIRIMIgOAjvjjjjefZZhbIbDSH@	%21BNuSFPDlDTEH%7Ft_pHtP@H_TuPBOq_qopHBGtgD%7DD@RpPH_Wtw%7F@aOTd%7DRtPCQ@D%7DR
Mpu	1-methylpseudouridine monophosphate diradical 19U	C10H13N2O8P	NucleotideP	]		fncPK@OAaSbgIrtGc%5BpbxyDhhilheDiLjs%60RuUUTsTuMDQLPbY@@	%21BNuSFPDlDTEH%7Ft_pHtP@H_TuPBOp%7FcbpXBGtSItuPSU@H_Wtw%7F@%60lFBpXSU@
Mad	1-methyladenosine monophosphate diradical 1A	C11H14N5O6P	NucleotideP	"		fi%7Bhs@INBwlJ%5CTgHOFwaEqrIQQSYQJIRIMIgOAjvjjjjefZZhbIbDSH@	%21BNuSFPDlDTEH%7Ft_pHtP@H_TuPBOq_qopHBGtgD%7DD@RpPH_Wtw%7F@aOTd%7DRtPCQ@D%7DR
Mgs	1-methylguanosine monophosphate diradical 1G	C11H14N5O7P	NucleotideP	K		fegis@INBwlJ%5CTgHp%5EMoBKcdRbbfrbTRdR%5CRYspZmjjjjiYfijbHfHQL%60@	%21BNuSFPDlDTEH%7Ft_pHtP@H_TuPBOq_qopHBGtgD%7DD@RpPH_Wtw%7F@aOTd%7DRtP@gD%7DD@SuH
Msu	5-aminomethyl-2-selenouridine monophosphate diradical 20510U	C10H14N3O7PSe	NucleotideP	π		fasqp%60I%5E%7BBgEIrtGc%5Bp%5CbQ%5C%5CbTTTvTRbTfUSNAKUUUULsTuDQLPbY@@	%21BNuSFPDlDTEH%7Ft_pHtP@H_TuPBOp%7FcbpXBGtSItuPSU@H_Wtw%7F@%60lFBpXSU@@tP
Mse	5-methylaminomethyl-2-selenouridine monophosphate diradical 20511U	C11H16N3O7PSe	NucleotideP	≅		fikqp%60I%5E%7BBgEIrtGc%5Bp%5CbQ%5C%5CbTTTvTRbTfUVYpIZjjjifZfjHbXaDr@@	%21BNuSFPDlDTEH%7Ft_pHtP@H_TuPBOp%7FcbpXBGtSItuPSU@H_Wtw%7F@%60lFBpXSUAMTBpX
Cse	5-carboxymethylaminomethyl-2-selenouridine monophosphate diradical 2051U	C12H16N3O9PSe	NucleotideP	⊥		fcwqH%60I%5E%7BBgEIru%5Ep%5EMoArIEqrIQQSYQJIRYUYJLxDmUUUTsMSTuDQLPbY@@	%21BKAb@tURD%7FM%5CYpMAMpBYMcx%60BKB%5D%7E@Ha%7DSX%7FW@h%60Bb@IMcx%7DRtDvH_Xa%7Db@JH@ha%7Db@I%7E@Ha%7D
Agm	agmatidine monophosphate diradical 20C	C14H26N7O6P	NucleotideP	¿		fg%7Fxs@I%5EBuY%7BpiqR%5C%60%7C%5B%5EDWGHeEEMeDeEHmUddhsgbuUUUSTuUUMIDSDHfP@	%21BDqc_tTnD_%5D%5CfpH%7DMgrYRc%7D_%7CDr_W_Wx@Th%7FW%7FM_%7CbOqRc%7DARctu%7E@Gx@u%7FrH@gx@b@I%7E@H%60BbGu%7E@@
Sou	2-selenouridine monophosphate diradical 20U	C9H11N2O7PSe	NucleotideP	ω		ff%7DQp%60I%5EaSbdyjCqmxNQHnNQJJJ%5BJIQJSMg@ejjjjfYihbIbDSH@	%21BNuSFPDlDTEH%7Ft_pHtP@H_TuPBOp%7FcbpXBGtSItuPSU@H_Wtw%7F@%60lFDuP
Agu	5-aminomethyl-2-geranylthiouridine monophosphate diradical 21510U	C20H30N3O7PS	NucleotideP	Δ		ed%5C%5CNB@IOIhJNEDla%60OFsp%5CBHgGHeEEMeDheHdjdcEdhqpEUUUUURsUSMTuQBDpaBXdDt@	%21BDr__cdo%5B_X%60fgx%7DRgqeRtM%5D%7DDqa%7EO%7D%5CBTmBH_%5D%5D%7DuwuRtMAMcuI%7EO%7D%5CBupJH_%5D%5D%7D_%60A%7EOxa%7Duwu%7EOxa%7D_c%7FW_Xa%7D
Mgu	5-methylaminomethyl-2-geranylthiouridine monophosphate diradical 21511U	C21H32N3O7PS	NucleotideP	h		elR%5CNB@IOIhJNEDla%60OFsp%5CBHgGHeEEMeDheHdjdlileFN@jjjjjjVZjYjijbDIaBDqHIh	%21BTv%5E%7Fcbn%7B__@fw%7C%7DRwqeRdK%5D%7DTva%7E_%7B_%7CTiCp_%5B%5D%7DmwuRdIAMsuI%7E_%7B%5D%7Cmwsp_%5B%5D%7Dmwu%7E_%7B_%7C%7CGvw_Wy%7F%7CGu%7E_%7B%5D%7D%7CGt
Cgu	5-carboxymethylaminomethyl-2-geranylthiouridine monophosphate diradical 2151U	C22H32N3O9PS	NucleotideP	f		ef%5E%5CIB@IOIhJNEDla%60XPOFsp%5CBHgGHeEEMeDheHdjdlhehbhqpEUUUUURsUSMUMMTPaLHPfIAM@	%21BTv%5E%7Fcbn%7B%7F_@fw%7C%7DRwqeRdK%5D%7DTva%7E_%7B%5D%7CTiCp%7F%5B_%7Dm%7FuRdIAMsuI%7E_%7B%5D%7Cmwsp_%5B%5D%7Dmwu%7E_%7B%5D%7C%7CGvw_%5B_%7D_g%7D%7E_%7B%5D%7C%7COu%7E_%7B%5D%7D%7CGt
Mha	2-methylthio-N6-(cis-hydroxyisopentenyl) adenosine monophosphate diradical 2160A	C16H22N5O7PS	NucleotideP	≠		e%60TZNB@IG@nahJNEDlo%60OFspb%5CV%60cHeEEMeDheHdxeleDqqxEUuUUUU@sAETuTDHSBDIbP%5BP	%21BzfC@IeKPaDn%7DbHCQb@KQwuRDFALYpHCQt%5D%7FW%7FHc%7CTmCQw%7D%7EN%60ME%7E@Gx@upJH@h%60B_%60BH_X%60BbGvH%7FGx%7FbGt
Mpa	2-methylthio-N6-isopentenyladenosine monophosphate diradical 2161A	C16H22N5O6PS	NucleotideP	*		eohZFB@IG@nahJNEDl%60OFspb%5CV%60cHeEEMeDheHdxeleFNO@jnjjjjhFXHjfjBDIaBDq@@	%21BpBYTvxBNFY%7F%7CbEJObGvOS%5C@Yt%5D%7EDUEJOctu%7E@Ha%7D%60HzOSTwPTh%7EH@h%60B_%60BH_Xa%7DbOrH@ha%7Db@I%7E@Ha%7D
Mca	2-methylthio-N6-threonylcarbamoyladenosine monophosphate diradical 2162A	C16H21N6O10PS	NucleotideP	[		ebVVEB@IG@nachJNEDlm%60XTPOFspb%5CV%60cHeEEMeDheHdxemLhhhqqxEUuUUUU@sAESUMUABDpaBX%60@	%21BzfC@IeKPaDn%7DbHCQb@KQwuRDFALYpHCQt%5D%7FW@h%60BTmCQw%7D%7EN%60ME%7E@Gx@upJH@h%60B_%60BH_Wx%7Fb@JH_Wx%7FbOrHo%5D%5E%7D_%60BH_P
Mva	2-methylthio-N6-hydroxynorvalylcarbamoyladenosine monophosphate diradical 2163A	C17H23N6O10PS	NucleotideP	≈		ej%5EVEB@IG@nachJNEDlm%60XTPOFspb%5CV%60cHeEEMeDheHdxemLhhiVNO@jnjjjjhFXHjZijjBDIaBDq@@	%21BpBYTvxBNFY%7CBbEJObGvOS%5C@Yt%5D%7EDUEJOctu%7E@Ha%7D%60HzOSTwPTh%7EH@h%60B_%60BH_Xa%7DbOrH@gx@bGvH%7FGx@bGwW@h%60B_c%7EH@ha%7D
Mya	2-methylthio cyclic N6-threonylcarbamoyladenosine monophosphate diradical 2164A	C17H20N5O9PS	NucleotideP	ÿ		elVZIB@IG@nkhJNEDlcghPOFspb%5CV%60cHeEEMeDheHdxeihiUFNO@jnkojjjjhFXHjfZjbHPfDHSD@@	%21BvuPfpDnDtEK_tPJHtXBH_TwPb@J_IorHbGtgD%7DF@RxRH_WwW@hbOTh%7DRIqOQ%60MF@cuKW@hQTcttfpL@YS%5D@BbGvH@Gx
Hta	hydroxy-N6-threonylcarbamoyladenosine monophosphate diradical 2165A	C15H19N6O11P	NucleotideP	«		elZVML@IG@fnehJNEDligo%60TPOFspb%5C%5CbTTTvTRbTbSVTrbbeXx%7CBjZjjjj%60Y%60JZijjBDIaBDq@@	%21BpBYTvxBNFY%7F%7CbEJObGvOS%5C@Yt%5D%7EDUEJOctu%7E@Ha%7D%60HzOSTwPTh%7EH%7FH%60BbGvH_Xc%7C_%60BH_Xc%7C_%60BH_%5D_%7CbOq%7EOxc%7CbGt
Lyd	2-lysidine monophosphate diradical 21C	C15H24N5O8P	NucleotideP	}		eo%60ZAL@IGOFmhJNEDlkg%60OFspb%5C%5CbTTTvTRbTbSVRTtXxBJjjjjfYjZjfhaBXPaLP@	%21BTh%7CSI%7EioOwy%60iR%5CSiV%7CSFGx%7Fw%7DFH_%5D%5D%7DDqa%7EOxc%7C_c%7CSFA%60lIqOW_Xa%7D_c%7EH%7FHa%7DbOrH_Wx%7FbOq%7E@Ha%7D
Gtu	2-geranylthiouridine monophosphate diradical 21U	C19H27N2O7PS	NucleotideP	Γ		e%60XTNB@IOHJNEDln%60OFsp%5CBHgGHeEEMeDheHdtmEdhqpEUUUUURsUKUMTPaLHPfIAu@	%21BTv%5E%7Fcbn%7B__@fw%7C%7DRwqeRdK%5D%7DTva%7E_%7B_%7CTiCp_%5B%5D%7DmwuRdIAMsuI%7E_%7B%5D%7C%7CGvw_Wy%7F%7CGvw_Wy%7F%7CGu%7E_%7B%5D%7D%7CGt
Tyg	N2,N2,7-trimethylguanosine cap monophosphate diradical (cap TMG) 2279553N	C13H20N5O10P2	NucleotideP	¶		e%60TZEBHIG@aihJNEHdleck%60OFspz%7CMgDJTef%5BvVVe_gifNO@jijjjjjUijifjhaBXPaLP@	%21BvuPfpDnDtEK_t_rHtXBH_TwPbOr_I%60JHbGtgD%7DF@RxS%7Cuxc%7C_%5D%5EOTh%7DRIlA%7E@B%5CStXCQ%60Gx@Owx@_h%7B_cuH
Tmg	N2,N2,7-trimethylguanosine monophosphate diradical 227G	C13H20N5O7P	NucleotideP	∠		fcoisBINCt%5CJ%5CTgLp%5EMoBKbFY%7DdRbbfrbTRdRUbtYspZcjjjjiYfjjjHbXaDr@@	%21BNuSFPDlDTEH%7Ft_pHtP@H_TuPBOq_qopHBGtgD%7DD@RpPH_Wtw%7F@aOTd%7DRqd@gD%7DD@tPBNOt%7DR
Dgu	N2,N2-dimethylguanosine monophosphate diradical 22G	C12H16N5O7P	NucleotideP	R		fmwis@INBwlJ%5CTgHp%5EMoBKcdRbbfrbTRdR%5CRcN%5ECWmUUUUKLuMUDQLPbY@@	%21BNuSFPDlDTEH%7Ft_pHtP@H_TuPBOq_qopHBGtgD%7DD@RpPH_Wtw%7F@aOTd%7DRIqOQ@MD@cc%7DOT%60
Atu	5-aminomethyl-2-thiouridine monophosphate diradical 2510U	C10H14N3O7PS	NucleotideP	∫		fasqp%60I%5E%7BBgEIrtGc%5Bp%5CDQ%5C%5CbTTTvTRbTfUSNAKUUUULsTuDQLPbY@@	%21BNuSFPDlDTEH%7Ft_pHtP@H_TuPBOp%7FcbpXBGtSItuPSU@H_Wtw%7F@%60lFBpXSU@@tP
Mou	5-methylaminomethyl-2-thiouridine monophosphate diradical 2511U	C11H16N3O7PS	NucleotideP	S		fikqp%60I%5E%7BBgEIrtGc%5Bp%5CDQ%5C%5CbTTTvTRbTfUVYpIZjjjifZfjHbXaDr@@	%21BNuSFPDlDTEH%7Ft_pHtP@H_TuPBOp%7FcbpXBGtSItuPSU@H_Wtw%7F@%60lFBpXSUAMTBpX
Ctu	5-carboxymethylaminomethyl-2-thiouridine monophosphate diradical 251U	C12H16N3O9PS	NucleotideP	$		fcwqH%60I%5E%7BBgEIru%5Ep%5EMoApQEqrIQQSYQJIRYUYJLxDmUUUTsMSTuDQLPbY@@	%21BKAb@tURD%7FM%5CYpMAMpBYMcx%60BKB%5D%7E@Ha%7DSX%7FW@h%60Bb@IMcx%7DRtDvH_Xa%7Db@JH@ha%7Db@I%7E@Ha%7D
Myu	5-methoxycarbonylmethyl-2-thiouridine monophosphate diradical 2521U	C12H15N2O9PS	NucleotideP	3		fmgQH%60I%5EaSbdyZNXOFw%60xHbxyDhhilheDiLjmLs%60RuUUUSLuLuQDSDHfP@	%21BS%5D@lFJU%60@Gyoza%60lzf@lIwx@%60H%7BW%7FHc%7CKB_W_Wx@_%60@lIr%5CSFBrH@h%60B_%60BH_Wx%7FbOrH_P
Cou	5-carbamoylmethyl-2-thiouridine monophosphate diradical 253U	C11H14N3O8PS	NucleotideP	l		fe%7BpH%60I%5EgBgEIrtXOFw%60xHbxyDhhilheDiLjmF%5CBVjjjjYfifhbIbDSH@	%21BNuSFPDlDTEH%7Ft_pHtP@H_TuPBOp%7FcbpXBGtSItuPSU@H_Wtw%7F@%60lFBpXSUAMTC%7ENKA%60
Cau	5-carboxymethyl-2-thiouridine monophosphate diradical 2540U	C11H13N2O9PS	NucleotideP	℘		fe%7BQH%60I%5EaSbdyZNXOFw%60xHbxyDhhilheDiLjmF%5CBVjjjjYfifhbIbDSH@	%21BNuSFPDlDTEH%7Ft_pHtP@H_TuPBOp%7FcbpXBGtSItuPSU@H_Wtw%7F@%60lFBpXSUAMTC%7ENKA%60
Tau	5-taurinomethyl-2-thiouridine monophosphate diradical 254U	C12H18N3O10PS2	NucleotideP	∃		fg%7Fpj%60I%5E%7BBgEIrwY%7B%60%7C%5B%5EC%60bKblHrIQQSYQJIRYUYIRLxDmUUUTsMSUKTQDqBId@@	%21BKAb@tURD@m%5CYpMAMpBYMcx%60BKB%5D%7E@Ha%7DSX%7FW@h%60Bb@IMcx%7DRtDvH_Xa%7Db@JH@ha%7Db@JH__rH_%5D%5EH_P
Itu	5-(isopentenylaminomethyl)-2-thiouridine monophosphate diradical 2583U	C15H22N3O7PS	NucleotideP	½		fkoqp%60I%5E%7BBgEIrtGc%5Bp%5CDQ%5C%5CbTTTvTRbTfUVRTYpIZjjjifZfijbHfHQL%60@	%21BS%5D@lFJU%60@Gyoza%60lzf@lIwx@%60H%7BW@h%60BKB_W_Wx@_%60@lIr%5CSFBrH@h%60B_%60BH_Xc%7CbGvH@gx@bGt
Mth	5-methyl-2-thiouridine monophosphate diradical 25U	C10H13N2O7PS	NucleotideP	F		fncQp%60I%5EaSbdyZCqmxNBHnNQJJJ%5BJIQJSJlxDmUUUTsMSQDSDHfP@	%21BNuSFPDlDTEH%7Ft_pHtP@H_TuPBOp%7FcbpXBGtSItuPSU@H_Wtw%7F@%60lFBpXSU@
Dmg	N2,7-dimethylguanosine monophosphate diradical 27G	C12H18N5O7P	NucleotideP	∨		fmwisBINCt%5CJ%5CTgLp%5EMoBKbFY%7DdRbbfrbTRdRUbKN%5ECWmUUUUKLuUUDQLPbY@@	%21BNuSFPDlDTEH%7Ft_pHtP@H_TuPBOq_qopHBGtgD%7DD@RpPH_Wtw%7F@aOTd%7DRqdCQ@B%5CStPAOT%60
Dma	2,8-dimethyladenosine monophosphate diradical 28A	C12H16N5O6P	NucleotideP	±		feghs@INCv%5CJ%5CUdhOFw%60eqrIQQSYQJJJQKqLyxK%5EuUUUPMLAUADSDHfP@	%21BNuSFPDlDTEH%7Ft_pHtP@H_TuPBOq_qopHBGtgD%7DD@RpP@c%60a%7D_S_%7CBD%7DRSuKQ@B%5CStP@
Mas	2-methyladenosine monophosphate diradical 2A	C11H14N5O6P	NucleotideP	/		fi%7Bhs@INBt%5CJ%5CTgHOFwaEqrIQQSYQJIRINIgOAjvjjjjAf@j%60bIbDSH@	%21BNuSFPDlDTEH%7Ft_pHtP@H_TuPBOq_qopHBGtgD%7DD@RpPH_Wtw%7F@aOTd%7DRtP@gD%7DD@
Tcy	2-thiocytidine monophosphate diradical 2C	C9H12N3O6PS	NucleotideP	%		ff%7Dpp%60I%5EkBgEIrCqmxNBHnNQJJJ%5BJIQJSMg@ejjjjfYfhbIbDSH@	%21BNuSFPDlDTEH%7Ft_pHtP@H_TuPBOp%7FcbpXBGtSItuPSU@H_Wtw%7F@%60lFDuP
Nmg	N2-methylguanosine monophosphate diradical 2G	C11H14N5O7P	NucleotideP	L		fegis@INBwlJ%5CTgHp%5EMoBKcdRbbfrbTRdR%5CVYspZmjjjjiYfijbHfHQL%60@	%21BNuSFPDlDTEH%7Ft_pHtP@H_TuPBOq_qopHBGtgD%7DD@RpPH_Wtw%7F@aOTd%7DRtP@gD%7DD@SuH
Thu	2-thiouridine monophosphate diradical 2U	C9H11N2O7PS	NucleotideP	2		ff%7DQp%60I%5EaSbdyjCqmxNBHnNQJJJ%5BJIQJSMg@ejjjjfYihbIbDSH@	%21BNuSFPDlDTEH%7Ft_pHtP@H_TuPBOp%7FcbpXBGtSItuPSU@H_Wtw%7F@%60lFDuP
Ahu	3-(3-amino-3-carboxypropyl)-5,6-dihydrouridine monophosphate diradical 308U	C13H20N3O10P	NucleotideP	Ð		fkopk@I%5EgBgENSens%60%7C%5B%5EDWGHeEEMeDheIhueMF%5CBVjjjjZfijfhbIbDSH@	%21BTh%7CSI%7EioOwy%60iR%5CSiV%7CSFGx%7Fw%7DFH_%5D%5D%7DDqbH@gx%7F_c%7CSFA%60lIqOW_Xa%7D_c%7EH%7FHa%7D_c%7EH@gx@bGt
App	3-(3-amino-3-carboxypropyl)pseudouridine monophosphate diradical 309U	C13H18N3O10P	NucleotideP	Þ		fkopk@OAgBgENSens%60%7C%5B%5EDWGHeEEMeDheIhueMF%5CBVjjjfZfijfhbIbDSH@	%21BTh%7CSI%7EioOwy%60iR%5CSiV%7CSFGx%7Fw%7DFH_%5D%5D%7DDqbH@gx%7F_c%7CSFA%60lIqOW_Xa%7D_c%7EH%7FHa%7D_c%7EH@gx@bGt
Apu	3-(3-amino-3-carboxypropyl)uridine monophosphate diradical 30U	C13H18N3O10P	NucleotideP	X		fkopk@I%5EgBgENSens%60%7C%5B%5EDWGHeEEMeDheIhueMF%5CBVjjjjYfijfhbIbDSH@	%21BTh%7CSI%7EioOwy%60iR%5CSiV%7CSFGx%7Fw%7DFH_%5D%5D%7DDqbH@gx%7F_c%7CSFA%60lIqOW_Xa%7D_c%7EH%7FHa%7D_c%7EH@gx@bGt
Mws	methylwyosine monophosphate diradical 342G	C15H18N5O7P	NucleotideP	∑		eghZNL@IG@nahJNEDli%60OFspb%5C%5CbTTTvTRbTbb%5CrVSGG%60SPrvuUUUUKMTsUUIBDpaBX%60@	%21B_%60CW@mF@ctvDUI%7CfRxPYgtwP%5BzV_IorHFY%7CgD%7DF@RxPYg%7C@YgrZOTh%7B_cuJOS%5DF@tXAKaI%7Cfw%7DEMt@
Uhw	undermodified hydroxywybutosine monophosphate diradical 3470G	C18H23N6O10P	NucleotideP	š		ejQVEL@IG@nahXJNEDliolRPOFspb%5C%5CbTTTvTRbTbb%5CrVVTttXx%7CBZFVvjjjjiYjfZjjfjRDIaBDq@@	%21BKB%5E@ceS%5B%7FH%60Yg%7DARpAeMtHa%7DKAcPTh%7B_S%5DCjXES%5BpAeMtH%7DMtEK@IdnDpBXBbES%5BUMo@F%5DARaERH_X%60B_%60BH_Wx%7FbOq%7E@Ha%7D
Acw	7-aminocarboxypropylwyosine monophosphate diradical 347G	C18H23N6O9P	NucleotideP	Ω		eb%5EVIL@IG@na%60XJNEDlid%5CPOFspb%5C%5CbTTTvTRbTbb%5CrVRrfcGG%60SPrvuUUUUKMTsUUSUIBDpaBX%60@	%21BDr%5DRcwwWpAg_tUS%5Bcm%7EDUAf_XJUTvx%7DMaEP@_gwWcm%7EDUDnDUMo%7Cu%7FrH@m_@FWwW_%5D%5ENwuS%5BbGtYgx%60BbGu%7EOx%60B_%60BH_P
Hwy	methylated undermodified hydroxywybutosine monophosphate diradical 3480G	C19H25N6O10P	NucleotideP	y		efYVEL@IG@nahXJNEDliolRPOFspb%5C%5CbTTTvTRbTbb%5CrVVTttsGG%60SPrvuUUUUKMTsUUTuTdHSBDIb@@	%21B%60HyRtL@f_XbDRxz@UHS_chc%7CS%5DBN%60MAMwxyKaL@fUHS_cmG_chCjXI%7CYzfA%7DbL@fpBYTaHz@F%5CBH@gx@upJH@ha%7D_%60CW%7FHc%7C_%60@
Hwb	hydroxywybutosine monophosphate diradical 34830G	C21H27N6O12P	NucleotideP	⊆		ee%5BVCL@IG@nahXJNEDliobZV%5EPOFspb%5C%5CbTTTvTRbTbb%5CrVVTtRbfsGG%60SPrvuUUUUKMTsUUULuUIBDpaBX%60@	%21BKB%5E@ceS%5B@h%60Yg%7DARpAeMtHa%7DKAcPTh%7B_S%5DCjXES%5BpAeMtH%7DMtEK@IdnDpBXBbES%5BUMo@F%5DARaERH_X%60B_%60BH_X%60B_c%7EH_%5D%5D%7DbGu%7EOx%60B_c%7EH_P
Pwb	peroxywybutosine monophosphate diradical 34832G	C21H27N6O13P	NucleotideP	W		emWVKL@IG@nadXJNEDliohZV%5EQPOFspb%5C%5CbTTTvTRbTbb%5CrVVTRfTTvXx%7CBZFVvjjjjiYjfZjjjYjjRDIaBDq@@	%21BKB%5E@ceS%5B@h%60Yg%7DARpAeMtHa%7DKAcPTh%7B_S%5DCjXES%5BpAeMtH%7DMtEK@IdnDpB%5B%7CbES%5BUMo@F%5DARaERH_X%60B_%60BH_X%60Bb@I%7EOxa%7DuwvH_Wx%7Fb@I%7EOxa%7D
Wyb	wybutosine monophosphate diradical 3483G	C21H27N6O11P	NucleotideP	Y		eiSVML@IG@na%60XJNEDlilRZVPOFspb%5C%5CbTTTvTRbTbb%5CrVVRbTTvXx%7CBZFVvjjjjiYjfZjjfZjdaBXPaLP@	%21BsJ%5C@ciP%7B%7F@%60YWuARPAeMT@a%7DsNaPThx%7FSUCjhIP%7BPAeMTD%7DMTEI@IllDPB%5B%7CBIP%7BeCm@FUARAIPH_Pc%7CBGtH%7FGz%7FBGtw_Pa%7D_k%7CH%7FGz%7FBGt
Awo	7-aminocarboxypropylwyosine methyl ester monophosphate diradical 348G	C19H25N6O9P	NucleotideP	⇑		ejQVIL@IG@na%60XJNEDlid%5CPOFspb%5C%5CbTTTvTRbTbb%5CrVVRffXx%7CBZFVvjjjjiYjfZjjZjRDIaBDq@@	%21B%60HyRtL@f_XbDRxz@UHS_ch%60BS%5DBN%60MAMwxyKaL@fUHS_cmG_chCjXI%7CYzfA%7DbL@fpBYTaHz@F%5CBH%7FHa%7DbOq%7E@Ha%7D_c%7EH@ha%7D
Wyo	wyosine monophosphate diradical 34G	C14H16N5O7P	NucleotideP	€		ek%60ZNL@IG@nahJNEDli%60OFspb%5C%5CbTTTvTRbTbb%5CrVXx%7CBZFVvjjjjiYjfZjdaBXPaLP@	%21B_%60CW%7FMF@ctvDUI%7CfRxPYgtwP%5BzV_IorHFY%7CgD%7DF@RxPYg%7C@YgrZOTh%7B_cuJOS%5DF@tXAKaI%7Cfw%7DD
Pdu	3-methylpseudouridine monophosphate diradical 39U	C10H13N2O8P	NucleotideP	κ		fncPK@OAaSbgIrtGc%5BpbxyDhhilheDiMFs%60RuUUTsTuMDQLPbY@@	%21BNuSFPDlDTEH%7Ft_pHtP@H_TuPBOp%7FcbpXBGtSItuPSU@HoWtw%7F@%60lFC%7ENSU@
Mri	3-methyluridine monophosphate diradical 3U	C10H13N2O8P	NucleotideP	δ		fncPK@I%5EaSbgIrtGc%5BpbxyDhhilheDiMFs%60RuUUUSLuMDQLPbY@@	%21BNuSFPDlDTEH%7Ft_pHtP@H_TuPBOp%7FcbpXBGtSItuPSU@HoWtw%7F@%60lFC%7ENSU@
Acc	N4-acetylcytidine monophosphate diradical 42C	C11H14N3O8P	NucleotideP	M		fikpK@I%5EkBgENSghOFwaEqrIQQSYQJIRYiQg@ejjjjfYffhbIbDSH@	%21BNuSFPDlDTEH%7Ft_pHtP@H_TuPBOp%7FcbpXBGtSItuPSU@H_Wtw%7F@%60lFDuPOxxSItuP
Iws	isowyosine monophosphate diradical 42G	C14H16N5O7P	NucleotideP	⊇		ek%60ZNL@IG@fnhJNEDla%60OFspb%5C%5CbTTTvTRbTbSbRrXx%7CBjzfVjjjjiYjYjjdaBXPaLP@	%21BNuSFPDlDTEH%7Ft_pHtP@H_TuPBOq_qopHBGtgD%7DD@RpPH_Wtw%7F@aOTd%7DRStwQ@MD@RpQ_qc%7FQSU@
Dmc	N4,N4-dimethylcytidine monophosphate diradical 44C	C11H16N3O7P	NucleotideP	μ		fasqs@I%5EkBgENSdGc%5BpbxyDhhilheDiLuF%5CBVjjjjYfZjHbXaDr@@	%21BNuSFPDlDTEH%7Ft_pHtP@H_TuPBGp%7FcbpXBGtSItuPSU@H_Wtw%7F@%60lFDuPOxxlF@
Adw	7-aminocarboxypropyl-demethylwyosine monophosphate diradical 47G	C17H21N6O9P	NucleotideP	¥		elVVIL@IG@fnohJNEDlahTPOFspb%5C%5CbTTTvTRbTbSbRrrTtXx%7CBjzfVjjjjiYjYjjijdaBXPaLP@	%21B%60MERc%7C@Y_%5D%5EDUH%7B_UMo_tXa%7DSX%7FPTh%7B_w%7DGjXES%5BpAg_t%5DF@cm%7F@Il@f@haTvuS%5BpAgPThQTbGvH@ha%7D_c%7EH%7FGx@bGt
Ncd	N4-methylcytidine monophosphate diradical 4C	C10H14N3O7P	NucleotideP	ν		fncqs@I%5EkBgENSdGc%5BpbxyDhhilheDiLts%60RuUUUSLsUDQLPbY@@	%21BNuSFPDlDTEH%7Ft_pHtP@H_TuPBOp%7FcbpXBGtSItuPSU@H_Wtw%7F@%60lFDuPKA%60
Dmw	4-demethylwyosine monophosphate diradical 4G	C13H14N5O7P	NucleotideP	†		fc%7Fis@INBwlJ%5CTgHp%5EMoBKcdRbbfrbTRdR%5CRVYspZ%7DfnjjjjefifjiHbXaDr@@	%21BNuSFPDlDTEH%7Ft_pHtP@H_TuPBOq_qopHBGtgD%7DD@RpPH_Wtw%7F@aOTd%7DRStwQ@MD@RpQ_qc%7FQ
Mtu	5-methoxyuridine monophosphate diradical 501U	C10H13N2O9P	NucleotideP	5		fasQK@I%5EaSbgIsUhOFwaEqrIQQSYQJIRYULxDmUUUTsMSTQDqBId@@	%21BNuSFPDlDTEH%7Ft_pHtP@H_TuPBOp%7FcbpXBGtSItuPSU@H_Wtw%7F@%60lFBpXSU@@tP
Uoa	uridine 5-oxyacetic acid monophosphate diradical 502U	C11H13N2O11P	NucleotideP	V		fmgQk@I%5EaSbgIsUlu%60%7C%5B%5EDWGHeEEMeDheIeUeF%5CBVjjjjYfiijHbXaDr@@	%21BS%5D@lFJU%60@Gyoza%60lzf@lIwx@%60H%7BW%7FHc%7CKB_W_Wx@_%60@lIr%5CSFBrH%7FHc%7C_%60BH_Xc%7C_%60BH_P
Ume	uridine 5-oxyacetic acid methyl ester monophosphate diradical 503U	C12H15N2O11P	NucleotideP	υ		fcwQk@I%5EaSbgIsUlu%60%7C%5B%5EDWGHeEEMeDheIeUeLs%60RuUUUSLuMMTQDqBId@@	%21BKAb@tURD%7FM%5CYpMAMpBYMcxc%7CKB%5D%7E@Ha%7DSX%7FW%7FHc%7CbOqMcx%7DRtDvH_Xa%7DbOrH@ha%7D_c%7EH%7FHa%7D
Hxc	5-hydroxycytidine monophosphate diradical 50C	C9H12N3O8P	NucleotideP	Ç		fncpK@I%5E%5BBgENSfhOFwaEqrIQQSYQJIRYUg@ejjjjfYfjHbXaDr@@	%21BNuSFPDlDTEH%7Ft_pHtP@H_TuPBOp%7FcbpXBGtSItuPSU@H_Wtw%7F@%60lFBpXSU@
Hxu	5-hydroxyuridine monophosphate diradical 50U	C9H11N2O9P	NucleotideP	∝		fncQK@I%5EaSbgIsUhOFwaEqrIQQSYQJIRYUg@ejjjjfYjZHbXaDr@@	%21BNuSFPDlDTEH%7Ft_pHtP@H_TuPBOp%7FcbpXBGtSItuPSU@H_Wtw%7F@%60lFBpXSU@
Amu	5-aminomethyluridine monophosphate diradical 510U	C10H14N3O8P	NucleotideP	∪		faspK@I%5E%7BBgENSehOFwaEqrIQQSYQJIRYULxDmUUUTsMSTQDqBId@@	%21BNuSFPDlDTEH%7Ft_pHtP@H_TuPBOp%7FcbpXBGtSItuPSU@H_Wtw%7F@%60lFBpXSU@@tP
Mau	5-methylaminomethyluridine monophosphate diradical 511U	C11H16N3O8P	NucleotideP	{		fikpK@I%5E%7BBgENSehOFwaEqrIQQSYQJIRYUYg@ejjjjfYjZhbIbDSH@	%21BNuSFPDlDTEH%7Ft_pHtP@H_TuPBOp%7FcbpXBGtSItuPSU@H_Wtw%7F@%60lFBpXSUAMTBpX
Hmc	5-hydroxymethylcytidine monophosphate diradical 51C	C10H14N3O8P	NucleotideP	∅		faspK@I%5E%5BBgENSghOFwaEqrIQQSYQJIRYULxDmUUUTsLuTQDqBId@@	%21BNuSFPDlDTEH%7Ft_pHtP@H_TuPBOp%7FcbpXBGtSItuPSU@H_Wtw%7F@%60lFBpXSU@@tP
Cur	5-carboxymethylaminomethyluridine monophosphate diradical 51U	C12H16N3O10P	NucleotideP	!		fcwpk@I%5E%7BBgENSej%7D%60%7C%5B%5EDWGHeEEMeDheIeUdhs%60RuUUUSLuMSTQDqBId@@	%21BKAb@tURD%7FM%5CYpMAMpBYMcx%60BKB%5D%7E@Ha%7DSX%7FW@h%60Bb@IMcx%7DRtDvH_Xa%7Db@JH@ha%7Db@I%7E@Ha%7D
Chr	5-carboxyhydroxymethyluridine monophosphate diradical 520U	C11H13N2O11P	NucleotideP	≥		fmgQk@I%5EaSbgIrwlu%60%7C%5B%5EDWGHeEEMeDheIeUCF%5CBVjjjjYfiijHbXaDr@@	%21BNuSFPDlDTEH%7Ft_pHtP@H_TuPBOp%7FcbpXBGtSItuPSU@H_Wtw%7F@%60lFBpXSU@@tTuPOxxlF@
Mcu	5-methoxycarbonylmethyluridine monophosphate diradical 521U	C12H15N2O10P	NucleotideP	1		fmgPk@I%5EaSbgIrt%5Cp%5EMoBKcdRbbfrbTRdrjtsNAKUUUULsTsUDQLPbY@@	%21BS%5D@lFJU%60@Gyoza%60lzf@lIwx@%60H%7BW%7FHc%7CKB_W_Wx@_%60@lIr%5CSFBrH@h%60B_%60BH_Wx%7FbOrH_P
Hme	5-(carboxyhydroxymethyl)uridine methyl ester monophosphate diradical 522U	C12H15N2O11P	NucleotideP	,		fcwQk@I%5EaSbgIrwlu%60%7C%5B%5EDWGHeEEMeDheIeUCLs%60RuUUUSLuMMTQDqBId@@	%21BS%5D@lFJU%60@Gyoza%60lzf@lIwx@%60H%7BW%7FHc%7CKB_W_Wx@_%60@lIr%5CSFBrH%7FHc%7C_%60A%7E@Ha%7D_c%7EH@ha%7D
Cxu	5-carboxymethyluridine monophosphate diradical 52U	C11H13N2O10P	NucleotideP	◊		fe%7BPk@I%5EaSbgIrt%5Cp%5EMoBKcdRbbfrbTRdrjtYpIZjjjifZfZbHfHQL%60@	%21BNuSFPDlDTEH%7Ft_pHtP@H_TuPBOp%7FcbpXBGtSItuPSU@H_Wtw%7F@%60lFBpXSUAMTC%7ENKA%60
Hmu	5-carbamoylhydroxymethyluridine monophosphate diradical 531U	C11H14N3O10P	NucleotideP	r		fmgpk@I%5EWBgENSeoY%60%7C%5B%5EDWGHeEEMeDheIeUCF%5CBVjjjjYfiijHbXaDr@@	%21BNuSFPDlDTEH%7Ft_pHtP@H_TuPBOp%7FcbpXBGtSItuPSU@H_Wtw%7F@%60lFBpXSU@@tTuPOxxlF@
Ymu	5-carbamoylmethyluridine monophosphate diradical 53U	C11H14N3O9P	NucleotideP	&		fe%7BqK@I%5EgBgENSehp%5EMoBKcdRbbfrbTRdrjtYpIZjjjifZfZbHfHQL%60@	%21BNuSFPDlDTEH%7Ft_pHtP@H_TuPBOp%7FcbpXBGtSItuPSU@H_Wtw%7F@%60lFBpXSUAMTC%7ENKA%60
Ttu	5-taurinomethyluridine monophosphate diradical 54U	C12H18N3O11PS	NucleotideP	Ê		fg%7Fqh%60I%5E%7BBgENSenswAxv%7CHnJpcHeEEMeDheIeUdeHs%60RuUUUSLuMTmQDSDHfP@	%21BKAb@tURD@m%5CYpMAMpBYMcx%60BKB%5D%7E@Ha%7DSX%7FW@h%60Bb@IMcx%7DRtDvH_Xa%7Db@JH@ha%7Db@JH__rH_%5D%5EH_P
Cmu	5-cyanomethyluridine monophosphate diradical 55U	C11H12N3O8P	NucleotideP	Ѷ		fikpK@I%5EGBgENSehOFwaEqrIQQSYQJIRYUYg@ejjjjfYj%5BhbIbDSH@	%21BNuSFPDlDTEH%7Ft_pHtP@H_TuPBOp%7FcbpXBGtSItuPSU@H_Wtw%7F@%60lFBpXSU@@tPCQ
Pyu	5-(isopentenylaminomethyl)uridine monophosphate diradical 583U	C15H22N3O8P	NucleotideP	¾		fkopK@I%5E%7BBgENSehOFwaEqrIQQSYQJIRYUYIQg@ejjjjfYjZfjHbXaDr@@	%21BS%5D@lFJU%60@Gyoza%60lzf@lIwx@%60H%7BW@h%60BKB_W_Wx@_%60@lIr%5CSFBrH@h%60B_%60BH_Xc%7CbGvH@gx@bGt
Mdu	5-methyldihydrouridine monophosphate diradical 58U	C10H15N2O8P	NucleotideP	ρ		fncPK@I%5EaSbgIrtGc%5BpbxyDhhilheDiLjs%60RuUUUSTuMDQLPbY@@	%21BNuSFPDlDTEH%7Ft_pHtP@H_TuPBOp%7FcbpXBGtSItuPSU@H_Wtw%7F@%60lFBpXSU@
Mcd	5-methylcytidine monophosphate diradical 5C	C10H14N3O7P	NucleotideP	?		fncqs@I%5E%5BBgENSdGc%5BpbxyDhhilheDiLjs%60RuUUUSLsUDQLPbY@@	%21BNuSFPDlDTEH%7Ft_pHtP@H_TuPBOp%7FcbpXBGtSItuPSU@H_Wtw%7F@%60lFBpXSU@
Hia	N6-(cis-hydroxyisopentenyl)adenosine monophosphate diradical 60A	C15H20N5O7P	NucleotideP	`		eg%60ZNL@IG@fnhJNEDlk%60OFspb%5C%5CbTTTvTRbTbSVRTSGG%60USUUUUTCLATuTDHSBDIbPSH	%21BzfC@IeKPaDn%7DbHCQb@KQwuRDFALYpHCQt%5D%7FW@h%60BTmCQw%7D%7EN%60ME%7E@Gx@b@JH@ha%7DbOrH_Wx%7Fb@JH_P
Mta	2-methylthio-N6-methyladenosine monophosphate diradical 621A	C12H16N5O6PS	NucleotideP	∞		fmwhp%60CQstZLDxipEfGa%5BqZDYEIlheDdhXdmDmKR%5Cu%7BMUUUU@aEUAFPTdmH@	%21BBGw%7CB@a%7D_S%5CH%7F@a%7DTEJNOuP%7BNtm@fPBN%5B%7EiRS%7FpHUCneXDBYTEITAEPDiVA@fTBYU@Sj%5Bp
Tca	N6-threonylcarbamoyladenosine monophosphate diradical 62A	C15H19N6O10P	NucleotideP	6		edRVEL@IG@fnehJNEDligo%60POFspb%5C%5CbTTTvTRbTbSVTrbbcGG%60USUUUUTCLASUMUABDpaBX%60@	%21BzfC@IeKPaDn%7DbHCQbOsQwuRDFALYpHCQt%5D%7FW@h%60BTmCQw%7D%7EN%60ME%7E@Gx@b@JH@ha%7D_c%7EH@ha%7D_c%7EH@ha%7Duwu%7E@Ha%7D
Hva	N6-hydroxynorvalylcarbamoyladenosine monophosphate diradical 63A	C16H21N6O10P	NucleotideP	√		elZVIB@IG@fnehJNDligo%60POEQql%7CHgGHeEEMeDheHdueLhhiVNO@jfjjjjhFXBfjZj%60aBXPaLP@	%21BpBYTvxBNFY%7F%7CbEJObGvOS%5C@Yt%5D%7EDUEJOctu%7E@Ha%7D%60HzOSTwPTh%7EH%7FH%60BbGvH_Xc%7C_%60BH_Xc%7C_%60BH_%5D_%7CbOq%7EOxc%7CbGt
Aya	N6-acetyladenosine monophosphate diradical 64A	C12H14N5O7P	NucleotideP	⇓		fmwis@INBwlJ%5CTgLp%5EMoBKcdRbbfrbTRdRZrcN%5ECUmUUUTCLASTDQLPbY@@	%21BNuSFPDlDTEH%7Ft_pHtP@H_TuPBOq_qopHBGtgD%7DD@RpPH_Wtw%7F@aOTd%7DRtPCQ@D%7DRIqOQ@@
Gca	N6-glycinylcarbamoyladenosine monophosphate diradical 65A	C13H15N6O9P	NucleotideP	≡		eohVIL@IG@fnehJNEDlikg%60OFspb%5C%5CbTTTvTRbTbSVTrTXx%7CBjZjjjj%60Y%60JZfhHPfDHSD@@	%21BzfC@IeKPaDn%7DbHCQb@KQwuRDFALYpHCQt%5D%7FW@h%60BTmCQw%7D%7EN%60ME%7E@Gx@bOrH%7FHa%7D_c%7EH@ha%7DbOq%7E@Ha%7D
Tya	N6-methyl-N6-threonylcarbamoyladenosinemonophosphate diradical 662A	C16H21N6O10P	NucleotideP	E		elZVEL@IG@fnmhJNEDleo%60XPOFspb%5C%5CbTTTvTRbTbSVbaTTTXx%7CBjZjjjj%60Y%60JfjZjBDIaBDq@@	%21BzfC@IeKPaDn%7DbHCQb@KQwuRDFALYpHCQt%5D%7FW@h%60BTmCQw%7D%7EN%60ME%7E@Gx@bOrH%7FHa%7D_%60A%7EOx%60BbGu%7EOx%60BbGwW_Wx@bGt
Nna	N6,N6-dimethyladenosine monophosphate diradical 66A	C12H16N5O6P	NucleotideP	ζ		feghs@INBwlJ%5CTgHOFwaEqrIQQSYQJIRIMZLyxMVuUUUPLpEUADSDHfP@	%21BNuSFPDlDTEH%7Ft_pHtP@H_TuPBOq_qopHBGtgD%7DD@RpPH_Wtw%7F@aOTd%7DRtPCQ@D%7DRFBp
Fya	N6-formyladenosine monophosphate diradical 67A	C11H12N5O7P	NucleotideP	Ϩ		fegis@INBwlJ%5CTgLp%5EMoBKcdRbbfrbTRdRZrYspZmjjjj%60Y%60JZBHfHQL%60@	%21BNuSFPDlDTEH%7Ft_pHtP@H_TuPBOq_qopHBGtgD%7DD@RpPH_Wtw%7F@aOTd%7DRtPCQ@D%7DRtP@
Hma	N6-hydroxymethyladenosine monophosphate diradical 68A	C11H14N5O7P	NucleotideP	Ϫ		fegis@INBwlJ%5CTgLp%5EMoBKcdRbbfrbTRdRZrYspZmjjjj%60Y%60JjBHfHQL%60@	%21BNuSFPDlDTEH%7Ft_pHtP@H_TuPBOq_qopHBGtgD%7DD@RpPH_Wtw%7F@aOTd%7DRtPCQ@D%7DRtP@
Cca	cyclic N6-threonylcarbamoyladenosine monophosphate diradical 69A	C15H17N6O9P	NucleotideP	e		ehRVIL@IG@fnehJNEDliko%60OFspb%5C%5CbTTTvTRbTbSVTRRtXx%7CBjZvNjjjj%60Y%60IjfjbHPfDHSD%60z%60	%21BvuPfpDnDtEK_tPJHtXBH_TwPb@J_IorHbGtgD%7DF@RxRH_WwW@hbOTh%7DRtXCQ%60A%60l_%60A%60iVCjKAcjX@A%7E@h%60Bup
Fcy	5-formylcytidine monophosphate diradical71C	C10H12N3O8P	NucleotideP	>		faspK@I%5E%5BBgENSghOFwaEqrIQQSYQJIRYULxDmUUUTsLttQDqBId@@	%21BNuSFPDlDTEH%7Ft_pHtP@H_TuPBOp%7FcbpXBGtSItuPSU@H_Wtw%7F@%60lFBpXSU@@tP
Tur	4-thiouridine monophosphate diradical 74U	C9H11N2O7PS	NucleotideP	4		ff%7DQp%60I%5EaSbgIrCqmxQ%5CZaFQJJJ%5BJIQJSMg@ejjjjfYihbIbDSH@	%21BNuSFPDlDTEH%7Ft_pHtP@H_TuPBOp%7FcbpXBGtSItuPSU@H_Wtw%7F@%60lFDuP
Meg	7-methylguanosine monophosphate diradical 7G	C11H15N5O7P	NucleotideP	7		fegisDINCt%5CJ%5CTgLp%5EMoBKbF%5CbTTTvTRbTbRlSN%5ECWmUUUUKLuSTQDqBId@@	%21BNuSFPDlDTEH%7Ft_pHtP@H_TuPBOq_qopHBGtgD%7DD@RpPH_Wtw%7F@aOTd%7DRqdCQ@B%5CStP@
Mea	8-methyladenosine monophosphate diradical 8A	C11H14N5O6P	NucleotideP	â		fi%7Bhs@INCt%5CJ%5CUdhOFw%60eqrIQQSYQJJJQKigOA%5BvjjjjAi%60J%60bIbDSH@	%21BNuSFPDlDTEH%7Ft_pHtP@H_TuPBOq_qopHBGtgD%7DD@RpP@c%60a%7D_S_%7CBD%7DRSuKQ@MD@
Dhu	dihydrouridine monophosphate diradical 8U	C9H13N2O8P	NucleotideP	D		ff%7DPK@I%5EaSbgIsTGc%5BpbxyDhhilheDiLv%5CBVjjjjZffbHfHQL%60@	%21BNuSFPDlDTEH%7Ft_pHtP@H_TuPBOp%7FcbpXBGtSItuPSU@H_Wtw%7F@%60lFDuP
Ins	inosine monophosphate diradical 9A	C10H11N4O7P	NucleotideP	I		fakIs@INBvENJSghOFwaEqrIQQSYQJIRIMLyxMVuUUUTlsSTQDqBId@@	%21BNuSFPDlDTEH%7Ft_pHtP@H_TuPBOq_qopHBGtgD%7DD@RpPH_Wtw%7F@aOTd%7DRtPCQ@@
Pis	pseudouridine monophosphate diradical 9U	C9H11N2O8P	NucleotideP	P		ff%7DPK@OAaSbgIsTGc%5BpbxyDhhilheDiLv%5CBVjjjfZffbHfHQL%60@	%21BNuSFPDlDTEH%7Ft_pHtP@H_TuPBOp%7FcbpXBGtSItuPSU@H_Wtw%7F@%60lFDuP
Pqb	preQ0base 100G diradical (base)	C7H5N5O	Nucleotide	ψ		dk%5Eh@DxYLLbbTTRekiujYj%5E%60@	%21B%7CGwp_Gy%7F%7CGwp_%5Blk_g%7Fp_Ag_wrYRs%7D%7Cf
Pqg	preQ1base 101G diradical (base)	C7H9N5O	Nucleotide	∇		dk%5Eh@DxYLLbbTTRckiUjYij%60@	%21BWyfe%5BtlDWye_fXx@RpRe%5BwtHSuHH%7F@a%7D
Qba	Qbase 10G diradical (base)	C12H15N5O3	Nucleotide	∴		fbmi%60@D%5CEHpHyrJIQQJMJIPtyIPTmSMMUMUP@@	%21BRpQ_f%5Ei%60RpQKAEARzfA_f_pHtP@H_Pc%7CBGuPThx%7FUCl%7BRtBYTd%7C
Dgc	N2,7-dimethylguanosine cap (cap DMG) diradical 279553N	C12H18N5O11P2	Nucleotide	®		e%60TZMBHIG@aihJNEHdlemck%60OFspz%7COgDJ%5CbTTTvTRbTbRvbtfKGG%60UPuUUUUJtuTmUTPaLHPfH@@	%21BvuPfpDnDtEK_t_rHtXBH_TwPbOr_IorHbGtgD%7DF@RxS%7Cuxc%7C_%5D%5EOTh%7DRIlBH_%5DF@IqOQ%60@A%7E_c%7F%7CbH%7DRbGt
Dpa	5′-(3′-dephosphoacetyl-CoA) diradical 4155N	C23H35N7O16P3S	Nucleotide	♣		elz%7E@jDCHlemnSTLBAEKBjfckgbV%5DXpEfCpB%7CIoCtHZy%7BlbdvbbfrbTRdRNRdnTbefRTrRTdTRrFVfjjjj%60V%60bZjjfjZjZ%60bbLSaRP@	%21BvtmKaMmKUMlfgto%5BtDw_cosWt%5D%7EH@dvObGv_F_sWbOpgKMG_R%7Dm%7DbHa%7D%7FHbOSX%7DM_c%7FQw%7DG_OwzH_%5BwW_c%7EH_Wx%7F@G%7B%7CbM%5D%7DbGvH%7FGx%7FbGu%7EOxa%7DbOq%7EOxa%7D_c%7EH_Wx%7FuwvH_P
Dpm	5′-(3′-dephosphomalonyl-CoA) diradical 4255N	C24H35N7O18P3S	Nucleotide	♥		efq%7EDjDCHlemnSTLBAEKBjfckgbV%5DXrzpEfCpB%7CIoCtHZy%7BlbdvbbfrbTRdRNRdnTbefRTrRTrdbbVPrtuUUUTBtDSUUTuSUSSTDTQb%5CJR@@	%21BIlB_Ib%5B@pAe%60zni%60FALSF@A%7EFBq%7EOrpXbGveX@A%7E_c%7EOTa%60lzf@%7F_ha%7D_%5D_Q%60MF@bOpXKA%60loXbH__rHb@JHoX%60B@m%5D%7Duwx@bGu%7EOx%60BbKvH@ha%7D_c%7EH@hb%7Db@JH_Xc%7C_%60BH_X%60B_%60BHoP
Dsc	5′-(3′-dephosphosuccinyl-CoA) radical 4355N	C25H37N7O18P3S	Nucleotide	♦		eny%7EDjDCHlemnSTLBAEKBjfckgbV%5DXzvpOFCpB%7CIoCtHZy%7BlbdvbbfrbTRdRNRdnTbefRTrRTrTdTRrFVfjjjj%60V%60bZjjfjZjZfhHhcDxTd@@	%21B%5B%7EkjXF%7FjiV%7F%5BRy%7Cfcm%7DMtGwWctvH_%5D%7FQ_c%7DKaGwWbGvN%60H%7DMgrX@_gx%7F@h%60gKB%5ClbGvOSX%7DM@m%5EH@gwWbGvH@ha%7D_Xc%7CbGx%7Fb@I%7E@Ha%7Db@JH_X%60B_%60BH_X%60BbGvH@ha%7D_c%7EH@ha%7Db@I%7E@Ha%7D
Dpc	5′-(3′-dephospho-CoA) radical 455N	C21H32N7O13P2S	Nucleotide	♠		ek_%5EKBDIG@nabYXJNEHdliemh%5CQPEfspZ%7CCPcKmnrIQQSYQJIRIGIRWJQRsIJYIccpJkjjjjjAZBIjjjZijjBDIaBDq@@	%21B%5BzW%5BUI%7CYchAMc%7BvHcuJH@m%7ENbGuKvwvHb@JNwx%7DRgqe%7DbHa%7D@h%60gDr%5CSb@JOTh%7DR@m%5D%7E@@A%7Eb@I%7E@H%60B_X%60%7F_hb%7D_%60CW@h%60B_%60BH@gx@upJH@gx@b@I%7E@@
Dpe	5′-diphosphate end 552N	O3P	Nucleotide	ϒ		gJQdebGF%5EDx%7CduK@@	%21BbOq%7E@Gx%7FbGt
Mgc	7-methylguanosine cap (cap 0) diradical 79553N	C11H16N5O11P2	Nucleotide	©		eohZMBHIG@aihJNEHdlemck%60OFspz%7CGgDJ%5CbTTTvTRbTbRvbtcXx%7CBjFjjjjiVfjejjHPfDHSD@@	%21BvuPfpDnDtEK_tPJHtXBH_TwPb@J_I%60JHbGtgD%7DF@RxPBux%60B_%5D%5EOTh%7DRIlBH_%5DF@IqOQ%60@A%7E_c%7CBbHa%7D
Gyy	guanylylated 5′ end (cap G) diradical 9553N	C10H13N5O10P2	Nucleotide	ϑ		fk%7Fhh%60INCt%5CJ%5CUENY%7BNCqmxM%7CEnNQJJJ%5BJIQJQHzIRLyxM%5EuUUUTkSULuQDSDHfP@	%21BvuPfpDnDtEK_tPJHtXBH_TwPb@J_I%60JHbGtgD%7DF@RxPBux%60B_%5D%5EOTh%7DR_%60CQ%60B%5CStXA%7E@C%7D%7E@Gx
Furp	furan phosphate radical	C5H6O4P	RNAp	⬠		dmtBPDpnAYcpRZ%7DeeYjii@@	%21B%5D%7Fw%7CMw%5CB_S%5Dw%7FW%5CBtP@oKS%7EfrpP